Year,DOY,Mon,Day,RAIN,Tmax,Tmin,RH,WIND,SRAD,SRAD00,SRAD03,SRAD06,SRAD09,SRAD12,SRAD15,SRAD18,SRAD20
2018,1,1,1,0.00,24.45,12.70,81.59,1.17,8.16,0.0000,0.0000,0.0587,1.8199,3.8158,2.3482,0.1174,0.0000
2018,2,1,2,0.00,22.95,13.68,79.67,1.31,12.97,0.0000,0.0000,0.0934,2.8926,6.0651,3.7323,0.1866,0.0000
2018,3,1,3,0.00,23.47,10.08,71.40,1.75,14.67,0.0000,0.0000,0.1056,3.2717,6.8600,4.2215,0.2111,0.0000
2018,4,1,4,0.00,20.97,8.39,71.13,1.55,14.41,0.0000,0.0000,0.1037,3.2138,6.7385,4.1467,0.2073,0.0000
2018,5,1,5,0.00,20.96,7.02,72.09,1.60,14.62,0.0000,0.0000,0.1052,3.2606,6.8367,4.2071,0.2104,0.0000
2018,6,1,6,0.00,22.27,6.98,65.60,1.54,14.97,0.0000,0.0000,0.1078,3.3387,7.0003,4.3079,0.2154,0.0000
2018,7,1,7,0.00,21.61,7.51,60.92,1.55,15.21,0.0000,0.0000,0.1095,3.3922,7.1126,4.3769,0.2188,0.0000
2018,8,1,8,0.00,20.76,8.03,61.99,1.36,14.81,0.0000,0.0000,0.1066,3.3030,6.9255,4.2618,0.2131,0.0000
2018,9,1,9,0.00,20.39,6.35,64.89,1.48,15.40,0.0000,0.0000,0.1108,3.4346,7.2014,4.4316,0.2216,0.0000
2018,10,1,10,0.00,21.08,5.76,64.34,1.40,15.48,0.0000,0.0000,0.1114,3.4524,7.2388,4.4546,0.2227,0.0000
2018,11,1,11,0.00,20.20,7.48,66.97,1.27,14.89,0.0000,0.0000,0.1072,3.3208,6.9629,4.2848,0.2142,0.0000
2018,12,1,12,0.00,21.60,8.52,69.32,1.05,14.90,0.0000,0.0000,0.1072,3.3230,6.9676,4.2877,0.2144,0.0000
2018,13,1,13,0.00,21.17,9.18,71.37,1.00,13.08,0.0000,0.0000,0.0941,2.9171,6.1165,3.7640,0.1882,0.0000
2018,14,1,14,0.00,21.69,9.30,77.71,1.39,14.25,0.0000,0.0000,0.1026,3.1781,6.6636,4.1007,0.2050,0.0000
2018,15,1,15,0.00,22.60,7.91,64.35,1.41,14.49,0.0000,0.0000,0.1043,3.2316,6.7759,4.1697,0.2085,0.0000
2018,16,1,16,0.00,23.28,8.96,64.50,1.47,15.36,0.0000,0.0000,0.1106,3.4256,7.1827,4.4201,0.2210,0.0000
2018,17,1,17,0.00,23.47,9.44,64.49,1.48,15.53,0.0000,0.0000,0.1118,3.4635,7.2622,4.4690,0.2235,0.0000
2018,18,1,18,0.00,24.24,8.19,62.97,1.39,15.67,0.0000,0.0000,0.1128,3.4948,7.3277,4.5093,0.2255,0.0000
2018,19,1,19,0.00,23.74,7.68,59.10,1.35,16.00,0.0000,0.0000,0.1152,3.5684,7.4820,4.6043,0.2302,0.0000
2018,20,1,20,0.00,24.08,9.18,57.55,1.22,15.70,0.0000,0.0000,0.1130,3.5015,7.3417,4.5179,0.2259,0.0000
2018,21,1,21,0.00,24.50,11.57,61.06,1.16,16.15,0.0000,0.0000,0.1162,3.6018,7.5521,4.6474,0.2324,0.0000
2018,22,1,22,0.00,24.27,8.81,58.35,1.35,16.33,0.0000,0.0000,0.1175,3.6420,7.6363,4.6992,0.2350,0.0000
2018,23,1,23,0.00,24.79,8.90,55.73,1.17,16.36,0.0000,0.0000,0.1178,3.6487,7.6503,4.7079,0.2354,0.0000
2018,24,1,24,0.00,25.83,12.65,60.47,0.74,15.95,0.0000,0.0000,0.1148,3.5572,7.4586,4.5899,0.2295,0.0000
2018,25,1,25,0.00,26.09,11.95,67.30,1.52,15.84,0.0000,0.0000,0.1140,3.5327,7.4072,4.5582,0.2279,0.0000
2018,26,1,26,0.00,25.45,10.58,61.49,1.40,16.51,0.0000,0.0000,0.1188,3.6821,7.7205,4.7510,0.2376,0.0000
2018,27,1,27,0.00,24.31,10.26,58.29,1.49,16.02,0.0000,0.0000,0.1153,3.5728,7.4913,4.6100,0.2305,0.0000
2018,28,1,28,0.00,24.18,10.88,52.12,1.22,16.98,0.0000,0.0000,0.1222,3.7869,7.9403,4.8863,0.2443,0.0000
2018,29,1,29,0.00,24.48,10.76,53.07,1.35,17.00,0.0000,0.0000,0.1224,3.7914,7.9496,4.8920,0.2446,0.0000
2018,30,1,30,0.00,25.38,9.96,52.79,1.29,16.90,0.0000,0.0000,0.1216,3.7691,7.9029,4.8633,0.2432,0.0000
2018,31,1,31,0.00,26.54,12.07,57.29,1.00,16.51,0.0000,0.0000,0.1188,3.6821,7.7205,4.7510,0.2376,0.0000
2018,32,2,1,0.00,26.14,11.84,63.71,1.26,16.54,0.0000,0.0000,0.1054,3.6873,7.4798,4.9514,0.3161,0.0000
2018,33,2,2,0.00,26.63,13.82,59.59,0.87,16.52,0.0000,0.0000,0.1053,3.6828,7.4708,4.9455,0.3157,0.0000
2018,34,2,3,0.00,27.38,14.30,60.57,0.87,16.77,0.0000,0.0000,0.1069,3.7385,7.5838,5.0203,0.3205,0.0000
2018,35,2,4,0.00,29.53,13.49,66.09,1.44,16.68,0.0000,0.0000,0.1063,3.7185,7.5431,4.9933,0.3188,0.0000
2018,36,2,5,0.00,29.01,15.83,67.53,0.78,15.66,0.0000,0.0000,0.0998,3.4911,7.0818,4.6880,0.2993,0.0000
2018,37,2,6,0.00,28.42,14.70,66.14,1.41,15.87,0.0000,0.0000,0.1011,3.5379,7.1768,4.7509,0.3033,0.0000
2018,38,2,7,0.00,29.86,14.85,62.22,1.29,16.87,0.0000,0.0000,0.1075,3.7608,7.6290,5.0502,0.3224,0.0000
2018,39,2,8,0.00,29.31,16.84,54.17,1.27,7.94,0.0000,0.0000,0.0506,1.7701,3.5907,2.3769,0.1517,0.0000
2018,40,2,9,0.02,29.98,14.91,57.19,1.20,15.64,0.0000,0.0000,0.0997,3.4866,7.0728,4.6820,0.2989,0.0000
2018,41,2,10,0.28,28.27,16.81,65.55,1.42,15.32,0.0000,0.0000,0.0976,3.4153,6.9281,4.5862,0.2928,0.0000
2018,42,2,11,0.14,26.40,15.27,48.22,1.25,15.08,0.0000,0.0000,0.0961,3.3618,6.8196,4.5144,0.2882,0.0000
2018,43,2,12,0.00,29.27,12.35,45.81,1.68,17.66,0.0000,0.0000,0.1125,3.9369,7.9863,5.2867,0.3375,0.0000
2018,44,2,13,0.00,29.73,12.32,53.09,1.63,17.05,0.0000,0.0000,0.1087,3.8009,7.7104,5.1041,0.3258,0.0000
2018,45,2,14,0.00,29.47,15.50,62.96,1.79,17.69,0.0000,0.0000,0.1127,3.9436,7.9999,5.2957,0.3381,0.0000
2018,46,2,15,0.00,29.21,13.87,52.84,1.63,18.63,0.0000,0.0000,0.1187,4.1532,8.4250,5.5771,0.3560,0.0000
2018,47,2,16,0.00,29.11,12.81,47.30,1.76,19.04,0.0000,0.0000,0.1213,4.2446,8.6104,5.6998,0.3639,0.0000
2018,48,2,17,0.00,29.66,12.60,52.38,1.44,18.69,0.0000,0.0000,0.1191,4.1666,8.4521,5.5951,0.3572,0.0000
2018,49,2,18,0.00,30.36,14.16,53.68,1.41,18.78,0.0000,0.0000,0.1197,4.1866,8.4928,5.6220,0.3589,0.0000
2018,50,2,19,0.00,30.62,15.74,53.72,1.16,18.35,0.0000,0.0000,0.1169,4.0908,8.2983,5.4933,0.3507,0.0000
2018,51,2,20,0.00,31.43,17.08,61.64,1.16,17.69,0.0000,0.0000,0.1127,3.9436,7.9999,5.2957,0.3381,0.0000
2018,52,2,21,0.00,31.95,17.49,54.20,0.93,18.12,0.0000,0.0000,0.1155,4.0395,8.1943,5.4244,0.3463,0.0000
2018,53,2,22,0.00,31.46,16.74,52.69,1.26,18.83,0.0000,0.0000,0.1200,4.1978,8.5154,5.6370,0.3599,0.0000
2018,54,2,23,0.00,33.53,16.67,50.07,1.40,18.89,0.0000,0.0000,0.1204,4.2111,8.5425,5.6549,0.3610,0.0000
2018,55,2,24,0.00,34.98,18.11,54.88,1.29,19.04,0.0000,0.0000,0.1213,4.2446,8.6104,5.6998,0.3639,0.0000
2018,56,2,25,0.00,35.42,17.78,50.54,1.55,19.09,0.0000,0.0000,0.1217,4.2557,8.6330,5.7148,0.3648,0.0000
2018,57,2,26,2.70,34.66,19.39,54.17,1.29,14.48,0.0000,0.0000,0.0923,3.2280,6.5482,4.3348,0.2767,0.0000
2018,58,2,27,0.21,33.71,19.05,52.18,1.20,19.40,0.0000,0.0000,0.1236,4.3248,8.7732,5.8076,0.3708,0.0000
2018,59,2,28,0.16,33.40,18.76,51.73,1.02,18.90,0.0000,0.0000,0.1204,4.2134,8.5471,5.6579,0.3612,0.0000
2018,60,3,1,0.00,34.10,19.29,46.46,1.36,19.06,0.0000,0.0000,0.2118,4.5533,8.2593,5.6121,0.4236,0.0000
2018,61,3,2,0.00,34.90,18.30,47.26,1.51,19.13,0.0000,0.0000,0.2126,4.5700,8.2896,5.6327,0.4251,0.0000
2018,62,3,3,0.00,36.47,19.56,50.25,2.05,19.46,0.0000,0.0000,0.2162,4.6488,8.4326,5.7299,0.4324,0.0000
2018,63,3,4,0.00,37.17,19.75,50.89,1.38,19.38,0.0000,0.0000,0.2153,4.6297,8.3980,5.7064,0.4307,0.0000
2018,64,3,5,0.02,37.67,20.24,47.32,1.21,19.43,0.0000,0.0000,0.2159,4.6416,8.4196,5.7211,0.4318,0.0000
2018,65,3,6,0.15,36.70,19.40,38.08,1.82,19.46,0.0000,0.0000,0.2162,4.6488,8.4326,5.7299,0.4324,0.0000
2018,66,3,7,0.07,35.98,20.34,33.03,1.59,20.40,0.0000,0.0000,0.2267,4.8734,8.8399,6.0067,0.4533,0.0000
2018,67,3,8,0.00,35.03,17.26,27.61,1.64,21.28,0.0000,0.0000,0.2364,5.0836,9.2213,6.2658,0.4729,0.0000
2018,68,3,9,0.00,35.47,18.07,28.87,1.63,20.33,0.0000,0.0000,0.2259,4.8566,8.8096,5.9861,0.4518,0.0000
2018,69,3,10,0.00,35.77,16.58,30.11,1.52,21.06,0.0000,0.0000,0.2340,5.0310,9.1259,6.2010,0.4680,0.0000
2018,70,3,11,0.00,36.34,17.77,33.94,1.49,21.05,0.0000,0.0000,0.2339,5.0286,9.1216,6.1981,0.4678,0.0000
2018,71,3,12,0.00,36.83,18.33,45.81,1.71,20.40,0.0000,0.0000,0.2267,4.8734,8.8399,6.0067,0.4533,0.0000
2018,72,3,13,0.02,37.29,20.81,43.54,1.58,20.19,0.0000,0.0000,0.2243,4.8232,8.7489,5.9449,0.4487,0.0000
2018,73,3,14,0.01,37.39,19.20,37.94,1.43,21.10,0.0000,0.0000,0.2344,5.0406,9.1433,6.2128,0.4689,0.0000
2018,74,3,15,0.02,37.98,19.45,42.63,1.38,20.62,0.0000,0.0000,0.2291,4.9259,8.9353,6.0715,0.4582,0.0000
2018,75,3,16,0.23,36.26,22.17,54.48,1.84,7.22,0.0000,0.0000,0.0802,1.7248,3.1286,2.1259,0.1604,0.0000
2018,76,3,17,0.58,37.09,23.40,45.13,2.11,20.53,0.0000,0.0000,0.2281,4.9044,8.8963,6.0450,0.4562,0.0000
2018,77,3,18,0.32,36.55,22.28,43.71,1.00,19.60,0.0000,0.0000,0.2178,4.6823,8.4933,5.7711,0.4356,0.0000
2018,78,3,19,0.50,37.75,20.24,34.71,1.37,21.83,0.0000,0.0000,0.2426,5.2150,9.4596,6.4277,0.4851,0.0000
2018,79,3,20,0.00,37.37,18.88,27.90,0.99,21.94,0.0000,0.0000,0.2438,5.2413,9.5073,6.4601,0.4876,0.0000
2018,80,3,21,0.00,37.39,20.36,33.92,0.98,21.58,0.0000,0.0000,0.2398,5.1553,9.3513,6.3541,0.4796,0.0000
2018,81,3,22,0.00,38.32,20.62,44.98,1.44,21.36,0.0000,0.0000,0.2373,5.1027,9.2559,6.2894,0.4747,0.0000
2018,82,3,23,0.48,37.45,23.85,52.66,2.07,19.22,0.0000,0.0000,0.2136,4.5915,8.3286,5.6592,0.4271,0.0000
2018,83,3,24,1.14,37.64,23.05,56.00,1.32,19.11,0.0000,0.0000,0.2123,4.5652,8.2810,5.6269,0.4247,0.0000
2018,84,3,25,0.33,37.89,23.65,49.53,1.26,19.48,0.0000,0.0000,0.2164,4.6536,8.4413,5.7358,0.4329,0.0000
2018,85,3,26,0.62,37.28,23.60,53.80,1.50,18.97,0.0000,0.0000,0.2108,4.5318,8.2203,5.5856,0.4216,0.0000
2018,86,3,27,0.14,38.12,23.24,49.17,1.50,18.38,0.0000,0.0000,0.2042,4.3908,7.9646,5.4119,0.4084,0.0000
2018,87,3,28,0.10,38.44,22.78,47.37,1.94,21.63,0.0000,0.0000,0.2403,5.1672,9.3729,6.3689,0.4807,0.0000
2018,88,3,29,0.10,37.60,23.16,55.46,2.61,19.46,0.0000,0.0000,0.2162,4.6488,8.4326,5.7299,0.4324,0.0000
2018,89,3,30,0.30,37.81,23.39,57.49,2.62,20.41,0.0000,0.0000,0.2268,4.8758,8.8443,6.0096,0.4536,0.0000
2018,90,3,31,4.35,34.15,23.02,67.24,1.57,19.59,0.0000,0.0000,0.2177,4.6799,8.4890,5.7682,0.4353,0.0000
2018,91,4,1,4.02,34.41,22.65,64.33,0.96,22.36,0.0000,0.0000,0.4757,5.7089,9.1581,6.4225,0.5947,0.0000
2018,92,4,2,2.65,30.20,22.54,68.23,1.29,11.18,0.0000,0.0000,0.2379,2.8545,4.5790,3.2113,0.2974,0.0000
2018,93,4,3,0.06,36.45,20.28,49.74,0.84,22.05,0.0000,0.0000,0.4691,5.6298,9.0311,6.3335,0.5865,0.0000
2018,94,4,4,0.02,37.33,21.89,49.29,1.51,22.50,0.0000,0.0000,0.4787,5.7446,9.2154,6.4627,0.5985,0.0000
2018,95,4,5,1.28,33.81,22.62,64.00,2.01,20.76,0.0000,0.0000,0.4417,5.3004,8.5028,5.9629,0.5522,0.0000
2018,96,4,6,6.47,34.41,22.77,67.33,1.20,20.12,0.0000,0.0000,0.4281,5.1370,8.2406,5.7791,0.5352,0.0000
2018,97,4,7,9.87,30.70,23.99,76.97,0.87,18.74,0.0000,0.0000,0.3987,4.7847,7.6754,5.3827,0.4985,0.0000
2018,98,4,8,12.55,31.44,23.38,76.30,1.15,22.21,0.0000,0.0000,0.4726,5.6706,9.0967,6.3794,0.5907,0.0000
2018,99,4,9,10.33,32.91,22.49,71.34,1.32,21.94,0.0000,0.0000,0.4668,5.6017,8.9861,6.3019,0.5836,0.0000
2018,100,4,10,5.64,34.09,23.04,67.12,1.59,19.14,0.0000,0.0000,0.4072,4.8868,7.8393,5.4976,0.5091,0.0000
2018,101,4,11,4.00,35.51,22.44,64.85,1.99,21.24,0.0000,0.0000,0.4519,5.4229,8.6994,6.1008,0.5649,0.0000
2018,102,4,12,11.46,36.31,22.68,64.11,1.82,22.06,0.0000,0.0000,0.4694,5.6323,9.0352,6.3363,0.5868,0.0000
2018,103,4,13,13.89,35.33,22.75,66.48,1.62,21.87,0.0000,0.0000,0.4653,5.5838,8.9574,6.2818,0.5817,0.0000
2018,104,4,14,17.94,36.13,23.56,66.86,1.73,22.54,0.0000,0.0000,0.4796,5.7549,9.2318,6.4742,0.5995,0.0000
2018,105,4,15,5.58,36.59,23.82,61.72,1.78,23.24,0.0000,0.0000,0.4945,5.9336,9.5185,6.6753,0.6181,0.0000
2018,106,4,16,3.57,37.24,22.48,62.11,1.19,23.50,0.0000,0.0000,0.5000,6.0000,9.6250,6.7500,0.6251,0.0000
2018,107,4,17,3.30,37.63,24.55,63.10,1.64,22.32,0.0000,0.0000,0.4749,5.6987,9.1417,6.4110,0.5937,0.0000
2018,108,4,18,7.61,35.83,24.36,69.14,1.83,20.78,0.0000,0.0000,0.4421,5.3055,8.5110,5.9687,0.5527,0.0000
2018,109,4,19,5.19,36.42,24.91,68.79,2.27,20.13,0.0000,0.0000,0.4283,5.1395,8.2447,5.7820,0.5354,0.0000
2018,110,4,20,2.00,37.04,24.63,68.87,2.67,21.21,0.0000,0.0000,0.4513,5.4153,8.6871,6.0922,0.5642,0.0000
2018,111,4,21,4.13,36.52,25.67,71.82,3.30,-99.00,0.0000,0.0000,-999,-999,-999,-999,-999,0.0000
2018,112,4,22,7.45,35.03,25.57,75.68,2.29,17.77,0.0000,0.0000,0.3781,4.5370,7.2781,5.1041,0.4727,0.0000
2018,113,4,23,4.36,36.32,25.02,68.59,1.36,21.66,0.0000,0.0000,0.4608,5.5302,8.8714,6.2215,0.5761,0.0000
2018,114,4,24,2.13,37.23,24.33,61.65,1.11,20.93,0.0000,0.0000,0.4453,5.3438,8.5724,6.0118,0.5567,0.0000
2018,115,4,25,0.29,36.66,23.63,65.05,2.07,22.20,0.0000,0.0000,0.4723,5.6681,9.0926,6.3766,0.5905,0.0000
2018,116,4,26,4.59,35.06,23.87,70.32,1.75,20.67,0.0000,0.0000,0.4398,5.2774,8.4659,5.9371,0.5498,0.0000
2018,117,4,27,7.65,33.59,24.20,71.06,1.07,23.78,0.0000,0.0000,0.5060,6.0715,9.7397,6.8304,0.6325,0.0000
2018,118,4,28,6.80,35.85,23.52,63.56,1.52,22.31,0.0000,0.0000,0.4747,5.6961,9.1376,6.4082,0.5934,0.0000
2018,119,4,29,4.57,35.66,23.94,67.83,2.65,18.83,0.0000,0.0000,0.4006,4.8076,7.7123,5.4086,0.5008,0.0000
2018,120,4,30,24.91,33.47,24.60,77.64,2.17,4.27,0.0000,0.0000,0.0909,1.0902,1.7489,1.2265,0.1136,0.0000
2018,121,5,1,14.00,32.69,24.34,77.05,0.94,18.43,0.0000,0.0000,0.6212,4.8663,7.3513,5.0734,0.5177,0.0000
2018,122,5,2,4.33,32.99,23.59,77.14,1.33,20.94,0.0000,0.0000,0.7058,5.5291,8.3524,5.7644,0.5883,0.0000
2018,123,5,3,6.75,32.52,23.92,76.08,1.04,22.32,0.0000,0.0000,0.7524,5.8935,8.9029,6.1443,0.6270,0.0000
2018,124,5,4,3.59,33.65,23.95,72.52,1.87,18.79,0.0000,0.0000,0.6334,4.9614,7.4949,5.1725,0.5279,0.0000
2018,125,5,5,8.57,35.12,24.63,75.28,2.86,21.21,0.0000,0.0000,0.7149,5.6004,8.4601,5.8387,0.5958,0.0000
2018,126,5,6,1.15,35.88,25.80,73.66,3.41,18.58,0.0000,0.0000,0.6263,4.9060,7.4111,5.1147,0.5220,0.0000
2018,127,5,7,0.21,36.27,26.12,72.78,3.29,14.57,0.0000,0.0000,0.4911,3.8471,5.8116,4.0108,0.4093,0.0000
2018,128,5,8,0.23,37.98,26.55,68.81,3.10,20.51,0.0000,0.0000,0.6913,5.4156,8.1809,5.6460,0.5762,0.0000
2018,129,5,9,1.52,37.38,26.33,70.54,2.79,18.50,0.0000,0.0000,0.6236,4.8848,7.3792,5.0927,0.5197,0.0000
2018,130,5,10,5.78,36.52,25.58,69.97,2.14,10.75,0.0000,0.0000,0.3624,2.8385,4.2879,2.9593,0.3020,0.0000
2018,131,5,11,16.63,34.79,25.11,75.06,1.58,21.60,0.0000,0.0000,0.7281,5.7034,8.6157,5.9461,0.6068,0.0000
2018,132,5,12,8.43,34.38,24.70,73.52,1.26,20.73,0.0000,0.0000,0.6988,5.4736,8.2687,5.7066,0.5824,0.0000
2018,133,5,13,17.89,33.00,24.90,80.14,1.83,8.72,0.0000,0.0000,0.2939,2.3025,3.4782,2.4004,0.2450,0.0000
2018,134,5,14,11.78,30.72,25.14,79.33,1.11,22.78,0.0000,0.0000,0.7679,6.0149,9.0864,6.2709,0.6399,0.0000
2018,135,5,15,5.43,33.52,24.00,74.03,1.93,22.33,0.0000,0.0000,0.7527,5.8961,8.9069,6.1470,0.6273,0.0000
2018,136,5,16,18.90,30.95,24.00,84.92,2.09,4.49,0.0000,0.0000,0.1513,1.1856,1.7909,1.2360,0.1261,0.0000
2018,137,5,17,7.85,32.93,24.09,78.77,1.18,23.36,0.0000,0.0000,0.7874,6.1681,9.3177,6.4306,0.6562,0.0000
2018,138,5,18,16.81,33.97,24.60,78.93,1.67,7.56,0.0000,0.0000,0.2548,1.9962,3.0155,2.0811,0.2124,0.0000
2018,139,5,19,23.56,34.20,25.23,79.10,1.70,23.23,0.0000,0.0000,0.7830,6.1338,9.2659,6.3948,0.6526,0.0000
2018,140,5,20,1.92,34.64,25.13,76.53,2.28,9.84,0.0000,0.0000,0.3317,2.5982,3.9249,2.7088,0.2764,0.0000
2018,141,5,21,1.76,34.56,25.20,77.22,2.29,12.46,0.0000,0.0000,0.4200,3.2900,4.9700,3.4300,0.3500,0.0000
2018,142,5,22,9.59,33.72,25.69,79.21,2.36,13.24,0.0000,0.0000,0.4463,3.4960,5.2811,3.6447,0.3719,0.0000
2018,143,5,23,24.26,30.69,26.16,88.04,2.21,6.40,0.0000,0.0000,0.2157,1.6899,2.5528,1.7618,0.1798,0.0000
2018,144,5,24,6.23,30.78,25.90,85.63,2.36,10.67,0.0000,0.0000,0.3597,2.8174,4.2560,2.9372,0.2997,0.0000
2018,145,5,25,2.57,32.48,25.84,84.28,2.71,18.85,0.0000,0.0000,0.6354,4.9772,7.5188,5.1890,0.5295,0.0000
2018,146,5,26,3.02,32.57,26.43,84.20,2.34,21.79,0.0000,0.0000,0.7345,5.7535,8.6915,5.9984,0.6121,0.0000
2018,147,5,27,0.88,32.44,26.02,84.02,2.08,23.44,0.0000,0.0000,0.7901,6.1892,9.3496,6.4526,0.6585,0.0000
2018,148,5,28,0.10,33.87,25.86,80.26,2.07,22.27,0.0000,0.0000,0.7507,5.8803,8.8829,6.1305,0.6256,0.0000
2018,149,5,29,1.53,34.57,25.49,75.75,1.47,21.72,0.0000,0.0000,0.7321,5.7351,8.6636,5.9791,0.6102,0.0000
2018,150,5,30,7.69,35.39,25.65,72.69,1.44,20.70,0.0000,0.0000,0.6977,5.4657,8.2567,5.6983,0.5815,0.0000
2018,151,5,31,10.02,32.73,26.65,84.94,2.37,9.51,0.0000,0.0000,0.3206,2.5111,3.7933,2.6179,0.2672,0.0000
2018,152,6,1,20.42,29.56,25.22,91.70,1.92,16.65,0.0000,0.0000,0.6167,4.5633,6.4133,4.4399,0.6167,0.0000
2018,153,6,2,26.71,30.70,25.14,88.69,1.57,17.53,0.0000,0.0000,0.6493,4.8045,6.7522,4.6746,0.6493,0.0000
2018,154,6,3,8.80,32.04,25.50,86.27,1.61,11.32,0.0000,0.0000,0.4193,3.1025,4.3602,3.0186,0.4193,0.0000
2018,155,6,4,8.74,31.40,26.33,88.55,1.38,15.76,0.0000,0.0000,0.5838,4.3194,6.0704,4.2026,0.5838,0.0000
2018,156,6,5,10.11,31.52,25.05,84.65,1.53,17.10,0.0000,0.0000,0.6334,4.6867,6.5866,4.5599,0.6334,0.0000
2018,157,6,6,5.01,33.00,26.47,81.84,1.14,17.41,0.0000,0.0000,0.6449,4.7716,6.7060,4.6426,0.6449,0.0000
2018,158,6,7,6.00,33.21,26.47,82.59,1.22,19.98,0.0000,0.0000,0.7401,5.4760,7.6959,5.3279,0.7401,0.0000
2018,159,6,8,3.56,31.27,27.05,86.87,1.15,19.67,0.0000,0.0000,0.7286,5.3911,7.5765,5.2453,0.7286,0.0000
2018,160,6,9,24.44,32.48,27.00,83.32,0.87,13.11,0.0000,0.0000,0.4856,3.5931,5.0497,3.4960,0.4856,0.0000
2018,161,6,10,37.07,28.80,26.83,92.71,2.69,10.71,0.0000,0.0000,0.3967,2.9353,4.1253,2.8560,0.3967,0.0000
2018,162,6,11,36.97,31.01,27.23,91.36,2.92,9.57,0.0000,0.0000,0.3545,2.6229,3.6862,2.5520,0.3545,0.0000
2018,163,6,12,47.21,30.31,27.33,93.03,2.95,14.40,0.0000,0.0000,0.5334,3.9467,5.5466,3.8400,0.5334,0.0000
2018,164,6,13,15.07,32.60,26.77,87.94,3.15,15.31,0.0000,0.0000,0.5671,4.1961,5.8971,4.0826,0.5671,0.0000
2018,165,6,14,7.46,32.49,27.28,88.53,2.72,22.31,0.0000,0.0000,0.8264,6.1146,8.5934,5.9493,0.8264,0.0000
2018,166,6,15,0.76,33.69,27.31,85.41,2.60,22.57,0.0000,0.0000,0.8360,6.1859,8.6935,6.0186,0.8360,0.0000
2018,167,6,16,4.34,33.27,26.93,85.32,2.15,19.82,0.0000,0.0000,0.7341,5.4322,7.6343,5.2853,0.7341,0.0000
2018,168,6,17,3.48,33.78,26.58,82.78,2.29,10.53,0.0000,0.0000,0.3900,2.8860,4.0560,2.8080,0.3900,0.0000
2018,169,6,18,2.93,33.24,26.17,85.76,1.77,23.44,0.0000,0.0000,0.8682,6.4243,9.0286,6.2506,0.8682,0.0000
2018,170,6,19,7.33,33.01,27.50,85.51,1.49,12.41,0.0000,0.0000,0.4597,3.4013,4.7801,3.3093,0.4597,0.0000
2018,171,6,20,9.10,31.20,27.31,89.99,1.59,14.38,0.0000,0.0000,0.5326,3.9412,5.5389,3.8346,0.5326,0.0000
2018,172,6,21,7.52,30.83,26.65,90.16,1.88,12.83,0.0000,0.0000,0.4752,3.5164,4.9419,3.4213,0.4752,0.0000
2018,173,6,22,1.52,30.62,26.33,89.63,1.94,17.26,0.0000,0.0000,0.6393,4.7305,6.6482,4.6026,0.6393,0.0000
2018,174,6,23,11.41,30.11,26.39,90.70,2.27,5.92,0.0000,0.0000,0.2193,1.6225,2.2803,1.5786,0.2193,0.0000
2018,175,6,24,34.47,28.73,26.55,93.92,2.26,5.01,0.0000,0.0000,0.1856,1.3731,1.9298,1.3360,0.1856,0.0000
2018,176,6,25,17.10,30.11,26.83,92.46,2.34,2.98,0.0000,0.0000,0.1104,0.8167,1.1478,0.7947,0.1104,0.0000
2018,177,6,26,36.87,29.94,25.95,88.94,1.61,16.69,0.0000,0.0000,0.6182,4.5743,6.4287,4.4506,0.6182,0.0000
2018,178,6,27,13.71,30.95,25.63,90.78,3.09,14.36,0.0000,0.0000,0.5319,3.9357,5.5312,3.8293,0.5319,0.0000
2018,179,6,28,12.25,30.03,25.54,90.84,2.91,16.42,0.0000,0.0000,0.6082,4.5003,6.3247,4.3786,0.6082,0.0000
2018,180,6,29,4.03,31.70,25.62,87.46,2.11,12.20,0.0000,0.0000,0.4519,3.3437,4.6992,3.2533,0.4519,0.0000
2018,181,6,30,2.05,31.63,25.85,86.96,2.83,11.57,0.0000,0.0000,0.4286,3.1710,4.4565,3.0853,0.4286,0.0000
2018,182,7,1,7.57,31.09,26.68,89.05,2.74,15.40,0.0000,0.0000,0.4889,4.1555,5.8666,4.2778,0.6112,0.0000
2018,183,7,2,5.69,31.33,26.41,89.18,2.92,15.33,0.0000,0.0000,0.4867,4.1366,5.8400,4.2584,0.6084,0.0000
2018,184,7,3,52.19,30.11,26.64,91.72,3.25,3.60,0.0000,0.0000,0.1143,0.9714,1.3714,1.0000,0.1429,0.0000
2018,185,7,4,29.93,29.84,26.42,92.61,2.93,5.08,0.0000,0.0000,0.1613,1.3708,1.9352,1.4111,0.2016,0.0000
2018,186,7,5,8.84,32.47,26.00,85.66,1.88,10.40,0.0000,0.0000,0.3302,2.8063,3.9619,2.8889,0.4127,0.0000
2018,187,7,6,10.62,33.21,26.55,85.52,1.48,20.09,0.0000,0.0000,0.6378,5.4211,7.6533,5.5806,0.7973,0.0000
2018,188,7,7,0.87,32.57,26.60,87.15,2.02,20.31,0.0000,0.0000,0.6448,5.4804,7.7371,5.6417,0.8060,0.0000
2018,189,7,8,2.59,31.81,26.71,88.65,2.59,16.26,0.0000,0.0000,0.5162,4.3876,6.1942,4.5167,0.6453,0.0000
2018,190,7,9,8.03,32.37,26.47,87.40,2.55,16.35,0.0000,0.0000,0.5190,4.4119,6.2285,4.5417,0.6489,0.0000
2018,191,7,10,21.41,32.05,26.80,89.73,2.38,14.54,0.0000,0.0000,0.4616,3.9235,5.5390,4.0389,0.5770,0.0000
2018,192,7,11,4.89,31.76,26.48,88.49,1.99,17.35,0.0000,0.0000,0.5508,4.6817,6.6095,4.8195,0.6886,0.0000
2018,193,7,12,5.56,31.61,26.67,88.87,1.67,15.79,0.0000,0.0000,0.5013,4.2608,6.0152,4.3861,0.6266,0.0000
2018,194,7,13,3.69,30.86,26.83,90.63,1.79,17.53,0.0000,0.0000,0.5565,4.7303,6.6780,4.8695,0.6957,0.0000
2018,195,7,14,4.46,31.43,26.55,90.30,2.17,18.11,0.0000,0.0000,0.5749,4.8868,6.8990,5.0306,0.7187,0.0000
2018,196,7,15,11.78,32.33,26.57,89.71,2.77,16.81,0.0000,0.0000,0.5336,4.5360,6.4038,4.6695,0.6671,0.0000
2018,197,7,16,12.16,32.42,26.58,88.11,3.03,17.37,0.0000,0.0000,0.5514,4.6871,6.6171,4.8250,0.6894,0.0000
2018,198,7,17,15.40,32.44,26.63,87.80,2.98,3.28,0.0000,0.0000,0.1041,0.8851,1.2495,0.9111,0.1302,0.0000
2018,199,7,18,5.44,33.16,26.68,86.45,1.97,18.60,0.0000,0.0000,0.5905,5.0190,7.0857,5.1667,0.7382,0.0000
2018,200,7,19,1.32,34.02,27.13,83.80,1.34,24.59,0.0000,0.0000,0.7806,6.6353,9.3675,6.8306,0.9759,0.0000
2018,201,7,20,6.39,33.24,27.17,87.10,1.74,18.09,0.0000,0.0000,0.5743,4.8814,6.8914,5.0250,0.7179,0.0000
2018,202,7,21,12.65,31.71,27.02,90.18,3.95,10.85,0.0000,0.0000,0.3444,2.9278,4.1333,3.0139,0.4306,0.0000
2018,203,7,22,43.36,30.36,26.85,91.35,4.41,14.19,0.0000,0.0000,0.4505,3.8290,5.4057,3.9417,0.5631,0.0000
2018,204,7,23,30.95,31.48,26.53,89.38,2.68,6.90,0.0000,0.0000,0.2190,1.8619,2.6285,1.9167,0.2738,0.0000
2018,205,7,24,22.72,31.12,26.44,90.73,1.68,4.95,0.0000,0.0000,0.1571,1.3357,1.8857,1.3750,0.1964,0.0000
2018,206,7,25,43.21,29.23,26.37,94.01,2.00,3.88,0.0000,0.0000,0.1232,1.0470,1.4781,1.0778,0.1540,0.0000
2018,207,7,26,52.69,28.47,26.11,94.83,2.30,2.53,0.0000,0.0000,0.0803,0.6827,0.9638,0.7028,0.1004,0.0000
2018,208,7,27,40.76,29.49,26.11,93.41,2.49,10.61,0.0000,0.0000,0.3368,2.8630,4.0419,2.9472,0.4211,0.0000
2018,209,7,28,35.34,30.77,25.77,91.19,2.18,9.21,0.0000,0.0000,0.2924,2.4852,3.5085,2.5584,0.3655,0.0000
2018,210,7,29,52.37,30.42,26.20,91.99,2.31,10.66,0.0000,0.0000,0.3384,2.8765,4.0609,2.9611,0.4231,0.0000
2018,211,7,30,10.64,30.94,25.84,91.13,2.30,12.93,0.0000,0.0000,0.4105,3.4890,4.9257,3.5917,0.5131,0.0000
2018,212,7,31,28.00,30.83,25.65,89.65,1.50,14.91,0.0000,0.0000,0.4733,4.0233,5.6800,4.1417,0.5917,0.0000
2018,213,8,1,36.59,29.23,25.87,92.10,2.95,5.46,0.0000,0.0000,0.1300,1.5167,2.0800,1.5600,0.1733,0.0000
2018,214,8,2,8.96,29.12,25.84,90.09,2.97,9.53,0.0000,0.0000,0.2269,2.6472,3.6304,2.7228,0.3025,0.0000
2018,215,8,3,7.77,30.75,25.98,89.99,2.24,9.58,0.0000,0.0000,0.2281,2.6611,3.6495,2.7371,0.3041,0.0000
2018,216,8,4,6.20,32.02,25.94,86.80,1.63,18.36,0.0000,0.0000,0.4372,5.1000,6.9942,5.2457,0.5829,0.0000
2018,217,8,5,9.04,32.03,26.53,88.73,0.88,14.18,0.0000,0.0000,0.3377,3.9389,5.4019,4.0514,0.4502,0.0000
2018,218,8,6,15.79,29.08,26.38,93.88,2.10,11.92,0.0000,0.0000,0.2839,3.3111,4.5409,3.4057,0.3784,0.0000
2018,219,8,7,2.88,31.13,26.24,90.95,2.70,17.51,0.0000,0.0000,0.4170,4.8639,6.6704,5.0028,0.5559,0.0000
2018,220,8,8,3.67,31.19,25.76,88.86,2.42,19.21,0.0000,0.0000,0.4575,5.3361,7.3180,5.4885,0.6098,0.0000
2018,221,8,9,3.39,31.68,25.66,87.35,1.80,17.48,0.0000,0.0000,0.4163,4.8556,6.6590,4.9942,0.5549,0.0000
2018,222,8,10,2.96,32.69,25.65,85.78,1.37,21.20,0.0000,0.0000,0.5048,5.8889,8.0761,6.0571,0.6730,0.0000
2018,223,8,11,0.20,31.66,26.22,88.47,1.67,21.43,0.0000,0.0000,0.5103,5.9528,8.1637,6.1228,0.6803,0.0000
2018,224,8,12,4.45,32.54,26.39,86.89,1.55,20.53,0.0000,0.0000,0.4889,5.7028,7.8209,5.8657,0.6517,0.0000
2018,225,8,13,3.93,31.89,26.47,88.13,1.79,16.11,0.0000,0.0000,0.3836,4.4750,6.1371,4.6028,0.5114,0.0000
2018,226,8,14,4.47,31.15,26.38,90.02,2.03,18.14,0.0000,0.0000,0.4320,5.0389,6.9104,5.1828,0.5759,0.0000
2018,227,8,15,4.55,31.47,26.74,89.31,3.22,13.78,0.0000,0.0000,0.3281,3.8278,5.2495,3.9371,0.4375,0.0000
2018,228,8,16,6.09,32.20,26.42,88.25,2.60,17.10,0.0000,0.0000,0.4072,4.7500,6.5142,4.8857,0.5429,0.0000
2018,229,8,17,3.99,30.83,25.78,87.80,1.27,17.92,0.0000,0.0000,0.4267,4.9778,6.8266,5.1200,0.5689,0.0000
2018,230,8,18,1.37,31.58,26.63,87.03,1.04,19.76,0.0000,0.0000,0.4706,5.4889,7.5276,5.6457,0.6273,0.0000
2018,231,8,19,18.65,29.99,26.22,93.05,1.35,4.25,0.0000,0.0000,0.1012,1.1806,1.6190,1.2143,0.1349,0.0000
2018,232,8,20,11.06,32.02,26.24,90.64,2.76,11.26,0.0000,0.0000,0.2681,3.1278,4.2895,3.2171,0.3575,0.0000
2018,233,8,21,7.49,31.96,25.96,89.33,1.86,8.15,0.0000,0.0000,0.1941,2.2639,3.1047,2.3286,0.2587,0.0000
2018,234,8,22,23.58,32.22,26.42,87.64,1.36,17.80,0.0000,0.0000,0.4239,4.9445,6.7809,5.0857,0.5651,0.0000
2018,235,8,23,35.45,30.08,26.60,92.13,1.42,16.71,0.0000,0.0000,0.3979,4.6417,6.3657,4.7742,0.5305,0.0000
2018,236,8,24,8.25,30.07,26.37,93.10,1.80,11.89,0.0000,0.0000,0.2831,3.3028,4.5295,3.3971,0.3775,0.0000
2018,237,8,25,11.60,32.04,26.13,90.12,1.66,18.37,0.0000,0.0000,0.4375,5.1028,6.9980,5.2485,0.5832,0.0000
2018,238,8,26,7.06,31.90,25.76,88.84,1.95,18.36,0.0000,0.0000,0.4372,5.1000,6.9942,5.2457,0.5829,0.0000
2018,239,8,27,4.50,31.24,26.41,91.05,2.51,16.45,0.0000,0.0000,0.3917,4.5695,6.2666,4.7000,0.5222,0.0000
2018,240,8,28,7.43,31.32,26.38,90.86,2.12,16.55,0.0000,0.0000,0.3941,4.5973,6.3047,4.7285,0.5254,0.0000
2018,241,8,29,7.52,32.18,25.89,88.29,1.93,17.46,0.0000,0.0000,0.4158,4.8500,6.6514,4.9885,0.5543,0.0000
2018,242,8,30,4.13,31.06,25.97,89.64,1.55,12.80,0.0000,0.0000,0.3048,3.5556,4.8762,3.6571,0.4063,0.0000
2018,243,8,31,10.24,32.20,26.30,88.99,1.43,18.70,0.0000,0.0000,0.4453,5.1945,7.1238,5.3428,0.5936,0.0000
2018,244,9,1,8.60,30.42,26.09,91.46,1.94,13.88,0.0000,0.0000,0.3386,4.0624,5.6423,3.6110,0.2257,0.0000
2018,245,9,2,17.71,29.48,25.86,94.25,2.16,9.05,0.0000,0.0000,0.2208,2.6488,3.6788,2.3545,0.1472,0.0000
2018,246,9,3,5.31,30.12,25.85,90.93,1.79,12.71,0.0000,0.0000,0.3101,3.7200,5.1666,3.3067,0.2067,0.0000
2018,247,9,4,9.11,31.82,25.62,86.54,0.81,13.26,0.0000,0.0000,0.3235,3.8810,5.3902,3.4497,0.2156,0.0000
2018,248,9,5,10.71,31.43,25.49,88.65,1.81,19.04,0.0000,0.0000,0.4645,5.5727,7.7398,4.9535,0.3096,0.0000
2018,249,9,6,21.16,30.45,25.51,91.43,4.11,8.00,0.0000,0.0000,0.1952,2.3415,3.2520,2.0813,0.1301,0.0000
2018,250,9,7,13.19,30.85,25.38,90.25,2.83,17.37,0.0000,0.0000,0.4237,5.0839,7.0609,4.5190,0.2824,0.0000
2018,251,9,8,1.79,31.83,24.98,87.47,1.88,20.14,0.0000,0.0000,0.4913,5.8946,8.1870,5.2397,0.3275,0.0000
2018,252,9,9,0.71,30.59,24.96,88.66,1.54,19.36,0.0000,0.0000,0.4723,5.6663,7.8699,5.0367,0.3148,0.0000
2018,253,9,10,3.35,31.36,25.10,87.89,1.98,18.41,0.0000,0.0000,0.4491,5.3883,7.4837,4.7896,0.2993,0.0000
2018,254,9,11,6.05,31.43,25.41,88.99,1.70,11.33,0.0000,0.0000,0.2764,3.3161,4.6057,2.9476,0.1842,0.0000
2018,255,9,12,8.25,30.48,25.87,91.25,1.52,12.16,0.0000,0.0000,0.2966,3.5590,4.9431,3.1636,0.1977,0.0000
2018,256,9,13,11.94,31.54,25.78,89.75,1.39,12.98,0.0000,0.0000,0.3166,3.7990,5.2764,3.3769,0.2111,0.0000
2018,257,9,14,4.87,30.58,25.90,87.65,1.06,16.79,0.0000,0.0000,0.4096,4.9141,6.8252,4.3681,0.2730,0.0000
2018,258,9,15,2.41,31.08,26.26,83.26,0.67,19.12,0.0000,0.0000,0.4664,5.5961,7.7723,4.9743,0.3109,0.0000
2018,259,9,16,0.39,30.90,25.46,85.47,1.01,20.53,0.0000,0.0000,0.5008,6.0088,8.3455,5.3411,0.3338,0.0000
2018,260,9,17,0.01,32.40,25.36,82.66,1.12,20.97,0.0000,0.0000,0.5115,6.1375,8.5244,5.4556,0.3410,0.0000
2018,261,9,18,0.00,31.62,25.64,84.48,1.32,21.84,0.0000,0.0000,0.5328,6.3922,8.8780,5.6819,0.3551,0.0000
2018,262,9,19,0.20,31.31,25.93,86.83,1.13,20.57,0.0000,0.0000,0.5018,6.0205,8.3618,5.3515,0.3345,0.0000
2018,263,9,20,43.04,29.26,26.37,93.61,2.58,12.98,0.0000,0.0000,0.3166,3.7990,5.2764,3.3769,0.2111,0.0000
2018,264,9,21,16.27,28.97,25.32,94.47,2.25,9.95,0.0000,0.0000,0.2427,2.9122,4.0447,2.5886,0.1618,0.0000
2018,265,9,22,5.03,30.61,25.04,87.41,0.98,15.75,0.0000,0.0000,0.3842,4.6097,6.4024,4.0975,0.2561,0.0000
2018,266,9,23,0.21,31.05,24.25,84.97,1.19,21.13,0.0000,0.0000,0.5155,6.1844,8.5894,5.4972,0.3436,0.0000
2018,267,9,24,0.05,31.02,24.71,87.18,1.59,17.06,0.0000,0.0000,0.4162,4.9931,6.9349,4.4384,0.2774,0.0000
2018,268,9,25,0.42,30.76,25.60,89.59,1.35,17.48,0.0000,0.0000,0.4264,5.1161,7.1057,4.5476,0.2842,0.0000
2018,269,9,26,1.29,31.02,25.94,85.24,0.93,14.52,0.0000,0.0000,0.3542,4.2497,5.9024,3.7775,0.2361,0.0000
2018,270,9,27,5.37,30.37,25.50,90.41,1.01,11.76,0.0000,0.0000,0.2869,3.4419,4.7805,3.0595,0.1912,0.0000
2018,271,9,28,4.26,31.29,25.12,85.23,0.69,18.81,0.0000,0.0000,0.4589,5.5053,7.6463,4.8936,0.3059,0.0000
2018,272,9,29,2.95,32.52,25.16,82.88,0.95,19.48,0.0000,0.0000,0.4752,5.7014,7.9187,5.0679,0.3167,0.0000
2018,273,9,30,0.35,32.55,24.60,81.84,1.12,19.99,0.0000,0.0000,0.4876,5.8507,8.1260,5.2006,0.3250,0.0000
2018,274,10,1,0.02,32.82,24.15,76.60,1.00,21.40,0.0000,0.0000,0.4619,6.3122,9.2373,5.2345,0.1540,0.0000
2018,275,10,2,0.00,32.37,23.63,80.23,1.28,20.88,0.0000,0.0000,0.4507,6.1589,9.0128,5.1073,0.1503,0.0000
2018,276,10,3,0.03,32.25,23.66,79.50,1.25,19.05,0.0000,0.0000,0.4112,5.6191,8.2229,4.6597,0.1371,0.0000
2018,277,10,4,0.02,32.55,23.18,75.31,1.11,20.41,0.0000,0.0000,0.4406,6.0202,8.8100,4.9923,0.1469,0.0000
2018,278,10,5,0.05,31.98,23.90,76.61,0.99,19.35,0.0000,0.0000,0.4177,5.7076,8.3524,4.7330,0.1393,0.0000
2018,279,10,6,0.01,31.92,24.57,73.25,0.91,20.48,0.0000,0.0000,0.4421,6.0409,8.8402,5.0094,0.1474,0.0000
2018,280,10,7,0.00,31.89,23.96,67.95,0.78,19.83,0.0000,0.0000,0.4281,5.8491,8.5596,4.8504,0.1427,0.0000
2018,281,10,8,0.00,31.98,24.40,70.04,0.65,20.64,0.0000,0.0000,0.4455,6.0881,8.9093,5.0486,0.1486,0.0000
2018,282,10,9,0.88,31.20,23.90,77.13,1.10,11.91,0.0000,0.0000,0.2571,3.5130,5.1409,2.9132,0.0857,0.0000
2018,283,10,10,11.18,28.10,23.42,92.02,1.94,4.98,0.0000,0.0000,0.1075,1.4689,2.1496,1.2181,0.0358,0.0000
2018,284,10,11,38.82,27.91,24.03,93.82,2.04,10.87,0.0000,0.0000,0.2346,3.2063,4.6920,2.6588,0.0782,0.0000
2018,285,10,12,11.54,29.65,23.47,88.05,1.57,6.09,0.0000,0.0000,0.1315,1.7963,2.6287,1.4896,0.0438,0.0000
2018,286,10,13,6.02,27.53,24.36,93.23,2.29,12.24,0.0000,0.0000,0.2642,3.6104,5.2834,2.9939,0.0881,0.0000
2018,287,10,14,2.86,29.44,22.92,83.72,1.64,17.96,0.0000,0.0000,0.3877,5.2976,7.7524,4.3930,0.1293,0.0000
2018,288,10,15,0.14,30.68,21.47,75.30,1.03,18.97,0.0000,0.0000,0.4095,5.5955,8.1884,4.6401,0.1365,0.0000
2018,289,10,16,0.00,30.18,21.53,73.31,0.87,19.46,0.0000,0.0000,0.4201,5.7400,8.3999,4.7599,0.1401,0.0000
2018,290,10,17,0.00,29.82,20.30,69.56,0.86,19.91,0.0000,0.0000,0.4298,5.8727,8.5941,4.8700,0.1433,0.0000
2018,291,10,18,0.03,30.55,20.61,77.70,1.17,19.36,0.0000,0.0000,0.4179,5.7105,8.3567,4.7355,0.1394,0.0000
2018,292,10,19,0.34,31.29,21.97,74.11,0.76,17.24,0.0000,0.0000,0.3721,5.0852,7.4416,4.2169,0.1241,0.0000
2018,293,10,20,0.00,31.38,23.08,69.45,0.59,18.45,0.0000,0.0000,0.3983,5.4421,7.9639,4.5129,0.1328,0.0000
2018,294,10,21,0.00,31.16,22.74,69.03,0.85,17.48,0.0000,0.0000,0.3773,5.1560,7.5452,4.2756,0.1258,0.0000
2018,295,10,22,0.00,30.85,21.39,72.99,1.02,19.08,0.0000,0.0000,0.4119,5.6279,8.2359,4.6670,0.1373,0.0000
2018,296,10,23,0.00,30.54,20.43,73.01,1.11,18.11,0.0000,0.0000,0.3909,5.3418,7.8172,4.4297,0.1304,0.0000
2018,297,10,24,1.81,30.13,21.11,74.29,1.02,18.14,0.0000,0.0000,0.3916,5.3507,7.8301,4.4371,0.1306,0.0000
2018,298,10,25,0.00,29.85,18.91,68.31,1.35,19.12,0.0000,0.0000,0.4127,5.6397,8.2531,4.6768,0.1376,0.0000
2018,299,10,26,0.00,29.53,17.40,64.32,1.13,19.07,0.0000,0.0000,0.4116,5.6250,8.2316,4.6646,0.1373,0.0000
2018,300,10,27,0.00,29.31,18.53,63.98,0.86,18.53,0.0000,0.0000,0.4000,5.4657,7.9985,4.5325,0.1334,0.0000
2018,301,10,28,0.51,28.62,20.32,77.34,1.18,8.10,0.0000,0.0000,0.1748,2.3892,3.4964,1.9813,0.0583,0.0000
2018,302,10,29,2.25,26.51,21.11,88.33,1.39,6.64,0.0000,0.0000,0.1433,1.9586,2.8662,1.6242,0.0478,0.0000
2018,303,10,30,2.47,25.78,21.16,91.70,2.56,7.53,0.0000,0.0000,0.1625,2.2211,3.2503,1.8418,0.0542,0.0000
2018,304,10,31,0.87,27.88,21.52,85.03,1.27,15.22,0.0000,0.0000,0.3285,4.4894,6.5697,3.7228,0.1096,0.0000
2018,305,11,1,0.00,30.05,21.15,78.32,0.92,15.02,0.0000,0.0000,0.2209,4.1967,6.8473,3.6446,0.1105,0.0000
2018,306,11,2,0.09,30.04,21.67,78.38,0.62,13.59,0.0000,0.0000,0.1999,3.7972,6.1954,3.2976,0.1000,0.0000
2018,307,11,3,0.20,29.96,20.88,77.62,0.84,16.11,0.0000,0.0000,0.2369,4.5013,7.3442,3.9091,0.1185,0.0000
2018,308,11,4,0.10,30.39,20.80,79.34,1.17,16.29,0.0000,0.0000,0.2396,4.5516,7.4263,3.9528,0.1198,0.0000
2018,309,11,5,0.19,30.69,21.07,82.13,1.57,16.61,0.0000,0.0000,0.2443,4.6410,7.5721,4.0304,0.1222,0.0000
2018,310,11,6,1.08,30.64,22.05,77.74,1.24,14.50,0.0000,0.0000,0.2132,4.0514,6.6102,3.5184,0.1067,0.0000
2018,311,11,7,1.43,29.82,22.64,76.83,0.76,7.36,0.0000,0.0000,0.1082,2.0565,3.3553,1.7859,0.0541,0.0000
2018,312,11,8,0.01,29.48,19.73,74.62,1.11,16.13,0.0000,0.0000,0.2372,4.5069,7.3533,3.9139,0.1187,0.0000
2018,313,11,9,0.00,28.65,18.43,66.92,0.91,17.37,0.0000,0.0000,0.2554,4.8533,7.9186,4.2148,0.1278,0.0000
2018,314,11,10,0.00,28.53,16.84,64.01,1.00,17.11,0.0000,0.0000,0.2516,4.7807,7.8001,4.1517,0.1259,0.0000
2018,315,11,11,0.00,29.07,18.10,67.14,1.06,16.89,0.0000,0.0000,0.2484,4.7192,7.6998,4.0983,0.1243,0.0000
2018,316,11,12,0.00,28.95,17.26,66.58,1.04,16.59,0.0000,0.0000,0.2440,4.6354,7.5630,4.0255,0.1220,0.0000
2018,317,11,13,0.00,29.36,17.45,65.08,0.95,16.62,0.0000,0.0000,0.2444,4.6438,7.5767,4.0328,0.1223,0.0000
2018,318,11,14,0.00,29.41,17.12,62.67,0.80,15.96,0.0000,0.0000,0.2347,4.4594,7.2758,3.8727,0.1174,0.0000
2018,319,11,15,0.00,30.22,18.18,67.45,1.07,-99.00,0.0000,0.0000,-999,-999,-999,-999,-999,0.0000
2018,320,11,16,0.00,31.06,17.96,67.02,1.39,16.28,0.0000,0.0000,0.2394,4.5488,7.4217,3.9503,0.1198,0.0000
2018,321,11,17,0.00,29.94,17.74,68.58,1.51,16.18,0.0000,0.0000,0.2379,4.5208,7.3761,3.9261,0.1190,0.0000
2018,322,11,18,0.00,29.05,16.82,67.26,1.30,16.14,0.0000,0.0000,0.2374,4.5097,7.3579,3.9164,0.1187,0.0000
2018,323,11,19,0.00,28.79,15.64,64.12,1.11,16.35,0.0000,0.0000,0.2404,4.5683,7.4536,3.9673,0.1203,0.0000
2018,324,11,20,0.00,29.11,17.58,61.70,0.87,14.72,0.0000,0.0000,0.2165,4.1129,6.7105,3.5718,0.1083,0.0000
2018,325,11,21,0.00,29.25,16.42,64.95,1.11,15.28,0.0000,0.0000,0.2247,4.2694,6.9658,3.7077,0.1124,0.0000
2018,326,11,22,0.00,28.80,16.23,65.12,1.27,15.93,0.0000,0.0000,0.2343,4.4510,7.2622,3.8654,0.1172,0.0000
2018,327,11,23,0.00,28.11,16.89,66.08,1.16,15.74,0.0000,0.0000,0.2315,4.3979,7.1755,3.8193,0.1158,0.0000
2018,328,11,24,0.00,28.53,15.09,64.77,1.13,15.12,0.0000,0.0000,0.2224,4.2247,6.8929,3.6689,0.1112,0.0000
2018,329,11,25,0.00,28.73,16.51,68.22,1.10,15.77,0.0000,0.0000,0.2319,4.4063,7.1892,3.8266,0.1160,0.0000
2018,330,11,26,0.00,28.67,17.60,65.41,0.63,15.34,0.0000,0.0000,0.2256,4.2861,6.9932,3.7222,0.1129,0.0000
2018,331,11,27,0.00,28.64,16.76,69.86,1.08,15.24,0.0000,0.0000,0.2241,4.2582,6.9476,3.6980,0.1121,0.0000
2018,332,11,28,0.00,29.04,16.93,68.63,0.82,15.58,0.0000,0.0000,0.2291,4.3532,7.1026,3.7805,0.1146,0.0000
2018,333,11,29,0.00,29.42,17.83,61.94,0.35,15.36,0.0000,0.0000,0.2259,4.2917,7.0023,3.7271,0.1130,0.0000
2018,334,11,30,0.00,28.46,17.02,63.15,0.69,14.26,0.0000,0.0000,0.2097,3.9844,6.5008,3.4602,0.1049,0.0000
2018,335,12,1,0.00,28.48,16.52,62.02,0.89,14.24,0.0000,0.0000,0.1048,3.5600,6.7011,3.7694,0.1048,0.0000
2018,336,12,2,0.00,28.81,16.31,60.10,1.01,14.68,0.0000,0.0000,0.1080,3.6700,6.9082,3.8859,0.1080,0.0000
2018,337,12,3,0.00,28.03,14.97,62.65,1.34,14.08,0.0000,0.0000,0.1036,3.5200,6.6258,3.7270,0.1036,0.0000
2018,338,12,4,0.00,28.28,14.54,60.63,1.35,14.81,0.0000,0.0000,0.1090,3.7025,6.9694,3.9203,0.1090,0.0000
2018,339,12,5,0.00,27.62,13.37,60.45,1.49,14.66,0.0000,0.0000,0.1078,3.6650,6.8988,3.8806,0.1078,0.0000
2018,340,12,6,0.00,26.75,15.31,62.14,1.31,12.32,0.0000,0.0000,0.0906,3.0800,5.7976,3.2612,0.0906,0.0000
2018,341,12,7,0.00,27.81,12.79,58.53,1.44,14.83,0.0000,0.0000,0.1091,3.7075,6.9788,3.9256,0.1091,0.0000
2018,342,12,8,0.00,26.81,11.87,56.98,1.62,14.10,0.0000,0.0000,0.1037,3.5250,6.6352,3.7323,0.1037,0.0000
2018,343,12,9,0.00,26.92,10.86,57.57,1.40,14.85,0.0000,0.0000,0.1092,3.7125,6.9882,3.9309,0.1092,0.0000
2018,344,12,10,0.00,28.21,12.02,55.59,1.37,14.68,0.0000,0.0000,0.1080,3.6700,6.9082,3.8859,0.1080,0.0000
2018,345,12,11,0.00,28.76,13.18,60.59,1.28,14.50,0.0000,0.0000,0.1067,3.6250,6.8235,3.8382,0.1067,0.0000
2018,346,12,12,0.00,28.89,14.09,61.42,1.10,14.33,0.0000,0.0000,0.1054,3.5825,6.7435,3.7932,0.1054,0.0000
2018,347,12,13,0.00,29.05,14.66,59.19,1.19,14.37,0.0000,0.0000,0.1057,3.5925,6.7623,3.8038,0.1057,0.0000
2018,348,12,14,0.00,28.67,14.82,58.74,1.61,14.00,0.0000,0.0000,0.1030,3.5000,6.5882,3.7059,0.1030,0.0000
2018,349,12,15,0.00,27.52,13.84,53.11,1.79,9.21,0.0000,0.0000,0.0678,2.3025,4.3341,2.4379,0.0678,0.0000
2018,350,12,16,0.41,25.11,15.13,66.75,1.27,4.09,0.0000,0.0000,0.0301,1.0225,1.9247,1.0826,0.0301,0.0000
2018,351,12,17,7.79,23.04,17.08,81.52,2.12,5.30,0.0000,0.0000,0.0390,1.3250,2.4941,1.4029,0.0390,0.0000
2018,352,12,18,12.83,25.58,16.23,85.60,2.60,3.69,0.0000,0.0000,0.0271,0.9225,1.7365,0.9768,0.0271,0.0000
2018,353,12,19,0.12,25.55,14.07,70.34,2.10,12.18,0.0000,0.0000,0.0896,3.0450,5.7317,3.2241,0.0896,0.0000
2018,354,12,20,0.00,24.25,11.04,67.01,1.56,14.32,0.0000,0.0000,0.1053,3.5800,6.7388,3.7906,0.1053,0.0000
2018,355,12,21,0.00,24.56,10.05,62.93,1.41,14.61,0.0000,0.0000,0.1075,3.6525,6.8752,3.8673,0.1075,0.0000
2018,356,12,22,0.00,24.58,9.95,63.59,1.45,13.95,0.0000,0.0000,0.1026,3.4875,6.5647,3.6926,0.1026,0.0000
2018,357,12,23,0.00,25.14,9.95,64.10,1.56,14.79,0.0000,0.0000,0.1088,3.6975,6.9599,3.9150,0.1088,0.0000
2018,358,12,24,0.00,25.80,10.22,61.41,1.46,14.53,0.0000,0.0000,0.1069,3.6325,6.8376,3.8461,0.1069,0.0000
2018,359,12,25,0.00,25.28,9.31,51.74,1.44,14.74,0.0000,0.0000,0.1084,3.6850,6.9364,3.9017,0.1084,0.0000
2018,360,12,26,0.00,24.42,8.62,52.67,1.49,13.97,0.0000,0.0000,0.1028,3.4925,6.5741,3.6979,0.1028,0.0000
2018,361,12,27,0.00,24.00,8.00,50.35,1.65,14.72,0.0000,0.0000,0.1083,3.6800,6.9270,3.8964,0.1083,0.0000
2018,362,12,28,0.00,24.42,8.47,50.10,1.77,14.98,0.0000,0.0000,0.1102,3.7450,7.0494,3.9653,0.1102,0.0000
2018,363,12,29,0.00,23.46,6.61,50.54,1.48,15.13,0.0000,0.0000,0.1113,3.7825,7.1199,4.0050,0.1113,0.0000
2018,364,12,30,0.00,25.04,7.41,55.10,1.88,14.95,0.0000,0.0000,0.1100,3.7375,7.0352,3.9573,0.1100,0.0000
2018,365,12,31,0.00,26.38,8.23,60.49,1.56,14.88,0.0000,0.0000,0.1095,3.7200,7.0023,3.9388,0.1095,0.0000
