,time,day,year,layer,phi_sn,phi_at,phi_ws,phi_e,T_w_t_1,H_t_1,phi_c,phi_net,H_t,T_w_t
1,0,1,2017,1,-99,-99,-99,-99,-99,-99,-99,-99,-99,-99
2,3,1,2017,1,-99,-99,-99,-99,-99,-99,-99,-99,-99,-99
"1",6,1,2017,1,-66.322041319966,1061.09605123893,1586.39007500588,20.8963729541841,24.9877544688656,52826.358006965,51.0518529981081,-663.564291039202,52162.7937159258,24.673877415736
"1",9,1,2017,1,2935.57547152195,1116.71998988059,1579.72006211729,24.3690056237794,24.673877415736,52162.7937159258,37.9173513456445,2410.28904231583,54573.0827582416,25.8139846095813
"1",12,1,2017,1,6326.81017405311,1242.83810848316,1604.0487843285,33.4488597296425,25.8139846095813,54573.0827582416,18.7947626034597,5913.35587587467,60486.4386341163,28.6111012439307
"1",15,1,2017,1,3829.19156723243,1306.30253102844,1664.92664469052,38.6691157690671,28.6111012439307,60486.4386341163,20.7163933225602,3411.18194447872,63897.620578595,30.2246475888448
"1",18,1,2017,1,-132.644082639932,1261.15393153269,1700.82338767302,34.910010396513,30.2246475888448,63897.620578595,36.7390013591708,-643.962550535938,63253.6580280591,29.9200424881522
"1",21,1,2017,1,0,1199.53953511527,1694.00278174029,30.1397000934685,29.9200424881522,63253.6580280591,46.8804033316786,-571.483350050166,62682.1746780089,29.649721266458
"1",0,2,2017,1,0,1157.51059533621,1687.96704693025,25.8832347184823,29.649721266458,62682.1746780089,51.3320151270286,-607.671701439549,62074.5029765694,29.3622823468329
"1",3,2,2017,1,0,1100.18252143348,1681.56681646684,22.2401571188069,29.3622823468329,62074.5029765694,61.0900343683713,-664.714486520539,61409.7884900489,29.047861231925
"1",6,2,2017,1,-70.4884767705539,1076.614191476,1674.58665183704,20.8371781935769,29.047861231925,61409.7884900489,64.3359642903016,-753.634079615479,60656.1544104334,28.6913796562253
"1",9,2,2017,1,3003.93202849954,1136.87557964782,1666.69905356042,24.5340023885672,28.6913796562253,60656.1544104334,50.841618007141,2398.73293419123,63054.8873446246,29.8260206168618
"1",12,2,2017,1,6476.92189715982,1274.10708783716,1691.90162772143,34.3249136209615,29.8260206168618,63054.8873446246,30.9491798605056,5993.85326379409,69048.7406084187,32.661213867518
"1",15,2,2017,1,3919.01708971716,1343.45477991582,1756.12613503175,40.0191129573694,32.661213867518,69048.7406084187,32.1968026155802,3434.12981902828,72482.870427447,34.2856149424658
"1",18,2,2017,1,-140.976953541108,1294.10169751909,1793.73708758423,35.9144911828643,34.2856149424658,72482.870427447,48.0776197894662,-724.604454578572,71758.2659728684,33.9428648669132
"1",21,2,2017,1,0,1226.90355227573,1785.75133551901,30.7382358447336,33.9428648669132,71758.2659728684,58.3424318990455,-647.928450987058,71110.3375218813,33.6363838287064
"1",0,3,2017,1,0,1181.17253476294,1778.63322607397,27.1308522796867,33.6363838287064,71110.3375218813,64.4667787559008,-689.058322346616,70421.2791995347,33.3104476706382
"1",3,3,2017,1,0,1118.94166823546,1771.0866372559,23.09598559519,33.3104476706382,70421.2791995347,74.6765202088416,-749.917474824471,69671.3617247102,32.9557241114188
"1",6,3,2017,1,-64.1812377935149,1081.21522674955,1762.90083418664,20.8360221077686,32.9557241114188,69671.3617247102,80.4174656667266,-847.120333005099,68824.2413917051,32.5550219679183
"1",9,3,2017,1,2708.07392223335,1139.46903175655,1753.68817005054,24.3843573098504,32.5550219679183,68824.2413917051,67.3150615710287,2002.15536505847,70826.3967567636,33.5020750784888
"1",12,3,2017,1,5839.68350707044,1271.78730584883,1775.52058235399,33.7052258556047,33.5020750784888,70826.3967567636,47.7144213165702,5254.53058339311,76080.9273401567,35.98755628561
"1",15,3,2017,1,3533.19202808121,1338.48683683508,1833.78813255205,39.0862987144773,35.98755628561,76080.9273401567,47.7719274865959,2951.03250616318,79031.9598463199,37.3834442187499
"1",18,3,2017,1,-128.36247558703,1291.02921922144,1867.13448668846,35.2099522080924,37.3834442187499,79031.9598463199,62.1097438626827,-801.787439124829,78230.1724071951,37.004185295346
"1",21,3,2017,1,0,1226.32465025122,1858.02975139901,30.3019265525708,37.004185295346,78230.1724071951,71.6559290207816,-733.662956721146,77496.509450474,36.6571503961573
"1",0,4,2017,1,0,1182.23007575593,1849.72781910285,27.0469131198322,36.6571503961573,77496.509450474,77.5992998822234,-772.143956348974,76724.365494125,36.2919133379198
"1",3,4,2017,1,0,1122.1426610848,1841.02052633372,23.1606958408373,36.2919133379198,76724.365494125,87.1543028400905,-829.192863929851,75895.1726301951,35.8996911883542
"1",6,4,2017,1,-70.4312607933398,1051.37813200885,1831.70417622984,19.0367409878232,35.8996911883542,75895.1726301951,99.2427894371054,-969.03683543926,74926.1357947558,35.4413204918157
"1",9,4,2017,1,2958.8726639715,1111.77555483432,1820.86147363108,22.5261935682885,35.4413204918157,74926.1357947558,85.2829031672579,2141.97764843919,77068.113443195,36.4545118905099
"1",12,4,2017,1,6380.83076593649,1249.56580336431,1844.89308895685,31.8317550593511,36.4545118905099,77068.113443195,64.6707579745465,5689.00096731005,82757.114410505,39.1455048854375
"1",15,4,2017,1,3860.48330011452,1319.31676416974,1909.8753005937,37.2772743631058,39.1455048854375,82757.114410505,64.9885248968499,3167.65896443061,85924.7733749356,40.643860771222
"1",18,4,2017,1,-140.86252158668,1269.66874892094,1946.79333168445,33.3497296850539,40.643860771222,85924.7733749356,80.1832919886486,-931.520126023887,84993.2532489117,40.2032361082682
"1",21,4,2017,1,0,1202.13291381583,1935.88170876795,28.4134810998443,40.2032361082682,84993.2532489117,90.067690155268,-852.229966207229,84141.0232827045,39.8001170224553
"1",0,5,2017,1,0,1156.21634193714,1925.93911180587,25.3399579532258,39.8001170224553,84141.0232827045,96.7160763601423,-891.778804182097,83249.2444785224,39.3782906721227
"1",3,5,2017,1,0,1093.79382473129,1915.57617254452,21.4669618088101,39.3782906721227,83249.2444785224,106.693289877254,-949.942599499287,82299.3018790231,38.92895186984
"1",6,5,2017,1,-70.8893558187688,1046.43555796224,1904.58339905278,18.7810732398875,38.92895186984,82299.3018790231,114.061251677572,-1061.87952182676,81237.4223571963,38.4266650235005
"1",9,5,2017,1,2979.84335247349,1107.33764437886,1892.35136488978,22.274875035036,38.4266650235005,81237.4223571963,99.7482637846936,2072.80649314284,83310.2288503391,39.407137304124
"1",12,5,2017,1,6426.01052747921,1246.4076873877,1916.28350782994,31.621308336032,39.407137304124,83310.2288503391,78.6682097989042,5645.84518890203,88956.0740392411,42.0777168911345
"1",15,5,2017,1,3887.83370671943,1316.86889991382,1982.62083506158,37.1061009104636,42.0777168911345,88956.0740392411,78.7504664906741,3106.22520417053,92062.2992434116,43.5470135766372
"1",18,5,2017,1,-141.778711637538,1266.71124259101,2019.84457337823,33.1492371092204,43.5470135766372,92062.2992434116,93.9262657087597,-1021.98754524273,91040.3116981689,43.0635963051418
"1",21,5,2017,1,0,1198.51508052418,2007.54013973557,28.1837341014445,43.0635963051418,91040.3116981689,103.767232680934,-940.976025993767,90099.3356721751,42.6184988427061
"1",0,6,2017,1,0,1152.17237064115,1996.2608503082,21.180474317619,42.6184988427061,90099.3356721751,93.1236007180913,-958.392554702758,89140.9431174723,42.1651630697091
"1",3,6,2017,1,0,1089.20188261515,1984.82171730182,17.9031265447405,42.1651630697091,89140.9431174723,101.550532939902,-1015.07349417132,88125.869623301,41.6850162604806
"1",6,6,2017,1,-72.4466845019815,1033.94247400266,1972.75973808296,15.2942611395837,41.6850162604806,88125.869623301,109.043860924821,-1135.60207064669,86990.2675526543,41.1478574105006
"1",9,6,2017,1,2724.53264923071,1094.97242771307,1959.33078142715,18.1898478560552,41.1478574105006,86990.2675526543,96.7005446024677,1745.2839030581,88735.5514557124,41.9734060058122
"1",12,6,2017,1,5883.54971834288,1234.47572072409,1979.99788924159,25.9656891323403,41.9734060058122,88735.5514557124,78.0461379583545,5034.01572273468,93769.5671784471,44.3545799806586
"1",15,6,2017,1,3556.64963760031,1305.2250936158,2040.52564403662,30.5444707467338,44.3545799806586,93769.5671784471,76.8857024074961,2713.91891402526,96483.4860924724,45.6383092027854
"1",18,6,2017,1,-144.893369003963,1254.8578072508,2073.72720395176,27.2402102053547,45.6383092027854,96483.4860924724,89.0776096928703,-1080.08058560315,95403.4055068693,45.1274129476228
"1",21,6,2017,1,0,1186.4128435747,2060.46554676843,23.1014127042969,45.1274129476228,95403.4055068693,97.4049124911975,-994.559028389229,94408.8464784801,44.6569698252159
"1",0,7,2017,1,0,1139.92613085067,2048.3103038088,25.0473451311387,44.6569698252159,94408.8464784801,125.588331174896,-1059.01984926417,93349.8266292159,44.1560356520219
"1",3,7,2017,1,0,1076.79443386126,2035.42644276371,21.114573809637,44.1560356520219,93349.8266292159,135.800747563881,-1115.54733027597,92234.2792989399,43.6283630310235
"1",6,7,2017,1,-64.0637218897031,1025.09524071393,2021.92071010334,18.1889524506209,43.6283630310235,92234.2792989399,144.082093024155,-1223.16023675389,91011.119062186,43.0497876980797
"1",9,7,2017,1,2757.62796328741,1087.26177018887,2007.1894967841,21.7390028110043,43.0497876980797,91011.119062186,128.501891801125,1687.45934208005,92698.5784042661,43.8479843049806
"1",12,7,2017,1,5945.16786052052,1229.64470796412,2027.53370470106,31.3362464598887,43.8479843049806,92698.5784042661,104.926536537428,5011.01608078626,97709.5944850524,46.2182790629443
"1",15,7,2017,1,3597.51911017145,1301.99152400064,2088.85931916079,37.0212524800561,46.2182790629443,97709.5944850524,103.141119534233,2670.48894299701,100380.083428049,47.4814651794401
"1",18,7,2017,1,-128.127443779406,1250.47801018043,2122.10387392591,32.9165075457756,47.4814651794401,100380.083428049,118.153529129588,-1150.82334420025,99229.2600838487,46.9371064114528
"1",21,7,2017,1,0,1180.5476936572,2107.72914851751,27.7916858526937,46.9371064114528,99229.2600838487,128.480737381151,-1083.45387809415,98145.8062057545,46.424614532293
"1",0,8,2017,1,0,1133.10215118153,2094.26278179031,22.1701794560607,46.424614532293,98145.8062057545,121.81929726771,-1105.15010733255,97040.656098422,45.9018599723511
"1",3,8,2017,1,0,1068.73696998261,2080.59333432843,18.6003357369095,45.9018599723511,97040.656098422,131.216380929407,-1161.67308101214,95878.9830174099,45.3523690966486
"1",6,8,2017,1,-76.2084736784686,1027.3011138648,2066.29701353543,16.498137695912,45.3523690966486,95878.9830174099,136.681569398635,-1268.38408044365,94610.5989369663,44.7524021261797
"1",9,8,2017,1,3040.45299751313,1089.07266510831,2050.7717102415,19.6878315183314,44.7524021261797,94610.5989369663,122.643803479545,1936.42231738206,96547.0212543484,45.6683624013211
"1",12,8,2017,1,6560.83783108394,1230.46195068714,2074.50930225444,28.2928569891337,45.6683624013211,96547.0212543484,102.09128956687,5586.40633296064,102133.427587309,48.3108264112937
"1",15,8,2017,1,3967.88858491277,1302.26061162354,2144.14576783585,33.3806445122637,48.3108264112937,102133.427587309,101.721829062948,2990.90095512524,105124.328542434,49.7255727903174
"1",18,8,2017,1,-152.416947356937,1251.14024007813,2182.14114554096,29.7077198097356,49.7255727903174,105124.328542434,115.823644974653,-1228.94921760416,103895.37932483,49.144259172215
"1",21,8,2017,1,0,1181.72083308706,2166.46839978017,25.1173808880737,49.144259172215,103895.37932483,124.881861008473,-1134.74680858966,102760.63251624,48.6075048755508
"1",0,9,2017,1,0,1134.60616033796,2152.07212134709,24.177012086301,48.6075048755508,102760.63251624,142.029866995599,-1183.67284009104,101576.959676149,48.0476077443541
"1",3,9,2017,1,0,1070.66817829964,2137.13170783239,20.3143684240183,48.0476077443541,101576.959676149,151.967012424915,-1238.74491038168,100338.214765767,47.4616605990655
"1",6,9,2017,1,-73.6217447658173,998.500566062589,2121.57961492361,16.4295850519908,47.4616605990655,100338.214765767,164.168440367482,-1377.29881904631,98960.9159467207,46.810175128194
"1",9,9,2017,1,3116.42953322095,1068.42269973532,2104.38783718308,20.1859745760078,46.810175128194,98960.9159467207,146.751092632639,1913.52732856455,100874.443275285,47.7153056891411
"1",12,9,2017,1,6720.00791519276,1230.40695366729,2128.30135650297,30.7280225329376,47.7153056891411,100874.443275285,120.275569348146,5671.10992047599,106545.553195761,50.3978359184654
"1",15,9,2017,1,4065.90892951397,1313.61436464989,2200.37183405239,37.1815959692374,50.3978359184654,106545.553195761,118.124210381914,3023.84565376031,109569.398849521,51.8281656931954
"1",18,9,2017,1,-147.243489531635,1254.30842038846,2239.53993858813,32.5082544361045,51.8281656931954,109569.398849521,134.880302461591,-1299.863564629,108269.535284892,51.2133083980607
"1",21,9,2017,1,0,1174.27573681807,2222.6391787117,26.7771920202068,51.2133083980607,108269.535284892,146.499337136363,-1221.6399710502,107047.895313842,50.6354521763252
"1",0,10,2017,1,0,1120.30393836349,2206.84284472526,19.5055593931978,50.6354521763252,107047.895313842,129.092652240266,-1235.13711799524,105812.758195847,50.0512115774224
"1",3,10,2017,1,0,1047.533134,2190.95773726324,15.9332652247857,50.0512115774224,105812.758195847,138.94608990415,-1298.30395839217,104514.454237455,49.4370920022289
"1",6,10,2017,1,-74.5573326817467,1028.62497980498,2174.35284958297,15.0752538357245,49.4370920022289,104514.454237455,139.84738060793,-1375.20783690339,103139.246400552,48.7865956010258
"1",9,10,2017,1,2805.95265925632,1096.22011326481,2156.86750987301,18.2753531546982,48.7865956010258,103139.246400552,125.926911853901,1601.10299763952,104740.349398192,49.5439442067941
"1",12,10,2017,1,6059.3160867056,1251.99632072148,2177.23517020567,27.0934363479844,49.5439442067941,104740.349398192,104.597181665216,5002.38661920821,109742.7360174,51.9101570845141
"1",15,10,2017,1,3662.92296207005,1331.61715063721,2241.8009212408,32.4056766969335,51.9101570845141,109742.7360174,102.251206153915,2618.08230861561,112360.818326016,53.1485539828643
"1",18,10,2017,1,-149.114665363493,1274.89349224754,2276.15942053039,28.5643185917464,53.1485539828643,112360.818326016,115.081297432363,-1294.02620967045,111066.792116346,52.536457854654
"1",21,10,2017,1,0,1198.13759458788,2259.12823282588,23.8121352980642,52.536457854654,111066.792116346,124.157517828378,-1208.96029136445,109857.831824982,51.9645993343443
"1",0,11,2017,1,0,1146.23180598992,2243.30315826763,25.0277942031519,51.9645993343443,109857.831824982,155.846982893339,-1277.94612937421,108579.885695608,51.3601093541527
"1",3,11,2017,1,0,1076.0495628421,2226.66561599688,20.7110125234882,51.3601093541527,108579.885695608,166.759168437764,-1338.08623411603,107241.799461492,50.7271720944641
"1",6,11,2017,1,-75.3119690323895,1028.62685618846,2209.34447000482,18.0668505800304,50.7271720944641,107241.799461492,173.530135839266,-1447.62656926805,105794.172892224,50.0424204166993
"1",9,11,2017,1,3198.32393141542,1088.9450993518,2190.71936840729,21.4677618580128,50.0424204166993,105794.172892224,158.129270040978,1916.95263046093,107711.125522685,50.9491712029656
"1",12,11,2017,1,6896.33821941943,1226.75622282266,2215.40821344072,30.5897141824676,50.9491712029656,107711.125522685,136.307533436819,5740.78898118209,113451.914503867,53.6646607981491
"1",15,11,2017,1,4172.69242950986,1296.61568501914,2290.59443962742,35.9554926962335,53.6646607981491,113451.914503867,136.541614439056,3006.21656776629,116458.131071633,55.0866517191524
"1",18,11,2017,1,-150.623938064779,1246.88401591079,2330.72146048484,32.0836618517279,55.0866517191524,116458.131071633,151.744033932241,-1418.28907842279,115039.84199321,54.415777167232
"1",21,11,2017,1,0,1179.28608191625,2311.72498991005,27.2311713656808,54.415777167232,115039.84199321,160.911547139352,-1320.58162649883,113719.260366711,53.7911198809072
"1",0,12,2017,1,0,1133.36307774165,2294.14182812798,26.6759057238587,53.7911198809072,113719.260366711,183.760721164644,-1371.21537727483,112348.044989436,53.1425119801551
"1",3,12,2017,1,0,1070.98101262656,2275.9908365236,22.5072922327568,53.1425119801551,112348.044989436,193.979093810681,-1421.49620994048,110926.548779496,52.4701204011684
"1",6,12,2017,1,-67.0984081330867,1011.29135541203,2257.28819276477,18.9093758377541,52.4701204011684,110926.548779496,204.125485771065,-1536.13010709465,109390.418672401,51.7435050637408
"1",9,12,2017,1,3093.70756789994,1067.76951741505,2237.20714452519,22.3040778952405,51.7435050637408,109390.418672401,187.600750839792,1714.36511205477,111104.783784456,52.5544285516776
"1",12,12,2017,1,6664.64607802756,1196.36577051953,2259.62688996476,31.3204144836908,52.5544285516776,111104.783784456,164.46942924156,5405.59511485708,116510.378899313,55.1113658190611
"1",15,12,2017,1,4034.7560472201,1261.34015449733,2331.42349285826,36.5779442588433,55.1113658190611,116510.378899313,164.588033894798,2763.50673070554,119273.885630019,56.4185509112232
"1",18,12,2017,1,-134.196816266173,1215.1000802076,2368.7821920914,32.7871820384442,56.4185509112232,119273.885630019,180.294429360312,-1500.96053954873,117772.92509047,55.7085713698598
"1",21,12,2017,1,0,1152.13545959905,2348.43607403308,28.013665034398,55.7085713698598,117772.92509047,189.537556725909,-1413.85183619434,116359.073254276,55.0397957080296
"1",0,13,2017,1,0,1109.28200662692,2329.39089696627,19.4509009473997,55.0397957080296,116359.073254276,151.794002180602,-1391.35379346736,114967.719460809,54.3816619982271
"1",3,13,2017,1,0,1050.96208642685,2310.76209848854,16.528957122251,54.3816619982271,114967.719460809,159.185005791401,-1435.51397497534,113532.205485834,53.7026397809739
"1",6,13,2017,1,-84.0716171640576,976.080431010794,2291.65938098863,13.1882389780382,53.7026397809739,113532.205485834,170.0331224339,-1582.87192855383,111949.33355728,52.9539147770442
"1",9,13,2017,1,3214.22502289102,1037.64941668447,2270.73330253065,15.9016344692816,52.9539147770442,111949.33355728,155.902175042526,1809.33732753303,113758.670884813,53.8097617178041
"1",12,13,2017,1,6939.54153332134,1179.08332783141,2294.66511104483,23.3274453945732,53.8097617178041,113758.670884813,135.558090137513,5665.07421457583,119423.745099389,56.4894369568781
"1",15,13,2017,1,4195.55033605491,1251.15233797494,2370.82083059707,27.7744437902225,56.4894369568781,119423.745099389,134.938513962926,2913.16888567963,122336.913985069,57.8674147616722
"1",18,13,2017,1,-168.143234328115,1199.82322368397,2410.71266671099,24.5604383351543,57.8674147616722,122336.913985069,148.274910573717,-1551.86802626401,120785.045958805,57.133355124185
"1",21,13,2017,1,0,1130.25096799876,2389.3998402364,20.5715624350292,57.133355124185,120785.045958805,156.562237051265,-1436.28267172393,119348.763287081,56.4539693004606
"1",0,14,2017,1,0,1083.1228296136,2369.80063848325,23.0321947945088,56.4539693004606,119348.763287081,205.820303322477,-1515.53030698664,117833.232980094,55.7370980144235
"1",3,14,2017,1,0,1019.29037877326,2349.25103492393,19.1589420534802,55.7370980144235,117833.232980094,216.44906264407,-1565.56866084822,116267.664319246,54.9965577466981
"1",6,14,2017,1,-71.8433504428548,951.179638963872,2328.16358017998,15.4910214158061,54.9965577466981,116267.664319246,228.759942129134,-1693.0782552039,114574.586064042,54.1957032995294
"1",9,14,2017,1,3279.59306993589,1013.02467683324,2305.51875199849,18.8017028226896,54.1957032995294,114574.586064042,210.157009734782,1758.14028221317,116332.726346255,55.027333178083
"1",12,14,2017,1,7065.85007228159,1155.42911414218,2329.03709620015,27.9449376594275,55.027333178083,116332.726346255,183.380732963251,5680.91641960095,122013.642765856,57.7145020461775
"1",15,14,2017,1,4277.36418762662,1228.15668038618,2406.26126020866,33.4647086692452,57.7145020461775,122013.642765856,182.26510551848,2883.52979361641,124897.172559472,59.078460062686
"1",18,14,2017,1,-143.68670088571,1176.34777424507,2446.18564012319,29.4725010205175,59.078460062686,124897.172559472,199.418704364312,-1642.41577214866,123254.756787323,58.301569820795
"1",21,14,2017,1,0,1106.21151625228,2423.3849183314,24.5395442981002,58.301569820795,123254.756787323,210.111628710342,-1551.82457508756,121702.932212235,57.5675307364436
"1",0,15,2017,1,0,1058.76094877524,2401.9886253799,19.142799726008,57.5675307364436,121702.932212235,192.953055309495,-1555.32353164016,120147.608680595,56.8318365868837
"1",3,15,2017,1,0,994.573486403178,2380.68656566566,15.8221382420317,56.8318365868837,120147.608680595,202.65595654168,-1604.59117404619,118543.017506549,56.0728380150971
"1",6,15,2017,1,-78.6898898298704,946.220895095047,2358.85854010433,13.5690586537318,56.0728380150971,118543.017506549,209.522978475153,-1714.41957196804,116828.597934581,55.2618887667067
"1",9,15,2017,1,3267.57021424032,1014.98876173137,2335.70269504214,16.8370326270584,55.2618887667067,116828.597934581,191.444127407404,1738.57512089508,118567.173055476,56.0842639953924
"1",12,15,2017,1,7047.50761712121,1174.80993330496,2359.18602254144,26.1357017397044,56.0842639953924,118567.173055476,164.441141365163,5672.55468477986,124239.727740256,58.767477622495
"1",15,15,2017,1,4263.47479784801,1257.15629338703,2437.03948405014,31.8973458957434,58.767477622495,124239.727740256,161.957270958508,2889.73699033066,127129.464730587,60.134371747289
"1",18,15,2017,1,-157.379779659741,1198.44768286999,2477.43276577207,27.720569910217,60.134371747289,127129.464730587,178.282513273085,-1642.36794574512,125487.096784842,59.3575041280903
"1",21,15,2017,1,0,1119.35219833786,2454.41436380788,22.6321964466219,59.3575041280903,125487.096784842,189.274754630538,-1546.96911654718,123940.127668295,58.6257617571682
"1",0,16,2017,1,0,1066.10274104237,2432.88006421836,18.257750679304,58.6257617571682,123940.127668295,183.289730137618,-1568.3248039929,122371.802864302,57.8839177874508
"1",3,16,2017,1,0,994.429204962726,2411.19345142849,14.771944614897,57.8839177874508,122371.802864302,193.702866321878,-1625.23905740254,120746.563806899,57.1151524200894
"1",6,16,2017,1,-83.2452872064639,965.759216583576,2388.87314166481,13.5008080375311,57.1151524200894,120746.563806899,196.129586324591,-1715.98960664982,119030.574200249,56.3034605189281
"1",9,16,2017,1,3296.81023376962,1037.81274232681,2365.47506466702,16.8286900277407,56.3034605189281,119030.574200249,178.845565496489,1773.47365590518,120804.047856154,57.1423433407367
"1",12,16,2017,1,7114.66799628351,1205.66052708019,2389.65994804448,26.3541251658421,57.1423433407367,120804.047856154,152.855527381458,5751.45892277191,126555.506778926,59.8628799974761
"1",15,16,2017,1,4302.59699185049,1292.33377604039,2469.37020764603,32.2863075618931,59.8628799974761,126555.506778926,150.296528623314,2942.97772405964,129498.484502986,61.2549578834142
"1",18,16,2017,1,-166.490574412928,1230.52780704963,2510.92019893792,27.983985673032,61.2549578834142,129498.484502986,165.92894316424,-1640.79589513849,127857.688607848,60.4788338705525
"1",21,16,2017,1,0,1147.35947689132,2487.69074051012,22.7570671903328,60.4788338705525,127857.688607848,176.593795175433,-1539.68212598456,126318.006481863,59.7505383685397
"1",0,17,2017,1,0,1091.43697648684,2466.03973315474,20.7280492958739,59.7505383685397,126318.006481863,193.968262781836,-1589.29906874561,124728.707413117,58.9987732193658
"1",3,17,2017,1,0,1016.25955891796,2443.83955946683,16.6975699774069,58.9987732193658,124728.707413117,205.355822315276,-1649.63339284155,123079.074020275,58.218468921679
"1",6,17,2017,1,-80.5881926799286,972.698938473102,2420.95548658159,14.5985395956945,58.218468921679,123079.074020275,210.856272943326,-1754.29955332744,121324.774466948,57.3886557723867
"1",9,17,2017,1,3316.99845086828,1042.35996375222,2396.79619215835,18.0376979310415,57.3886557723867,121324.774466948,193.051452168479,1751.47307236262,123076.247539311,58.2171319487165
"1",12,17,2017,1,7154.86747365424,1204.04976352548,2420.91641548408,27.7652279359275,58.2171319487165,123076.247539311,166.696224007644,5743.53936975207,128819.786909063,60.9339225238819
"1",15,17,2017,1,4328.14635604055,1287.25772530353,2501.29194321828,33.7611309755976,60.9339225238819,128819.786909063,164.529483043111,2915.82152410709,131735.60843317,62.3131550711988
"1",18,17,2017,1,-161.176385359857,1227.94145121993,2542.85378459026,29.4165610931768,62.3131550711988,131735.60843317,180.613818952817,-1686.11909877617,130049.489334394,61.5155924218878
"1",21,17,2017,1,0,1147.97438534537,2518.75737963064,24.108591153148,61.5155924218878,130049.489334394,191.243088811374,-1586.13467424979,128463.354660144,60.7653240844515
"1",0,18,2017,1,0,1094.10167346276,2496.24656671717,21.9284430645018,60.7653240844515,128463.354660144,207.870829644498,-1631.94416596342,126831.410494181,59.9933870881395
"1",3,18,2017,1,0,1021.53938823938,2473.2434490261,17.8149433726022,59.9933870881395,126831.410494181,219.152106331332,-1688.67111049065,125142.73938369,59.194617294431
"1",6,18,2017,1,-77.804717486165,986.489168228195,2449.60847998653,16.0096377857907,59.194617294431,125142.73938369,222.948131029765,-1779.88179806006,123362.85758563,58.3527033137687
"1",9,18,2017,1,3322.28796226068,1055.60057199925,2424.88070021931,19.6820016937634,58.3527033137687,123362.85758563,204.474688041763,1728.85114430509,125091.708729935,59.1704789382291
"1",12,18,2017,1,7163.18051250481,1215.71263172492,2448.89689234683,29.9977882971386,59.1704789382291,125091.708729935,177.343253390702,5722.65521019505,130814.36394013,61.8773909552088
"1",15,18,2017,1,4334.31467383691,1297.96125772288,2529.66691510605,36.3181086913613,61.8773909552088,130814.36394013,175.3029727232,2890.98793503918,133705.351875169,63.2448767978573
"1",18,18,2017,1,-155.60943497233,1239.33849332555,2571.22197820243,31.7409181277298,63.2448767978573,133705.351875169,191.941440015858,-1711.1752779928,131994.176597176,62.4354621549996
"1",21,18,2017,1,0,1160.22928448498,2546.56422675996,26.1303443152821,62.4354621549996,131994.176597176,202.768309622646,-1615.23359621291,130378.943000963,61.6714295388061
"1",0,19,2017,1,0,1106.8813048346,2523.45209752163,21.2269227132612,61.6714295388061,130378.943000963,195.883522689979,-1633.68123809027,128745.261762873,60.898670878207
"1",3,19,2017,1,0,1034.95304413168,2500.23639164674,17.3290409475239,60.898670878207,128745.261762873,206.163555783303,-1688.77594424589,127056.485818627,60.0998514963716
"1",6,19,2017,1,-81.5149359149064,988.62341661246,2476.40651525572,15.0661516974162,60.0998514963716,127056.485818627,211.907683937901,-1796.27187019348,125260.213948434,59.2501847363461
"1",9,19,2017,1,3311.65523723968,1064.63079452064,2451.2471720165,18.8799496236894,59.2501847363461,125260.213948434,193.312226789228,1712.8466833309,126973.060631765,60.0603899819974
"1",12,19,2017,1,7144.46554055429,1242.17405499523,2475.23375680331,29.8719956598327,60.0603899819974,126973.060631765,165.17475844235,5716.35908464403,132689.419716409,62.7643238258585
"1",15,19,2017,1,4321.44051368095,1334.09167218314,2556.56107462601,36.7580409170009,62.7643238258585,132689.419716409,161.962355540589,2900.25071478049,135589.67043119,64.1361911188778
"1",18,19,2017,1,-163.029871829813,1268.53043147438,2598.58139005987,31.7613444502447,64.1361911188778,135589.67043119,178.449357448946,-1703.2915323145,133886.378898875,63.3305056201208
"1",21,19,2017,1,0,1180.43320391506,2573.84098111153,25.7102006129606,63.3305056201208,133886.378898875,189.879074778204,-1608.99705258764,132277.381846287,62.5694229937944
"1",0,20,2017,1,0,1121.28204333203,2550.63286786447,20.2557532723166,62.5694229937944,132277.381846287,180.971262832357,-1630.57784063711,130646.80400565,61.7981322923069
"1",3,20,2017,1,0,1041.88088289681,2527.27395399207,16.2341767272417,61.7981322923069,130646.80400565,191.600567466377,-1693.22781528888,128953.576190361,60.9972071007063
"1",6,20,2017,1,-84.2592736955465,1018.06066110538,2503.1877325658,15.1305809849789,60.9972071007063,128953.576190361,192.696295700841,-1777.21322184179,127176.362968519,60.1565554014096
"1",9,20,2017,1,3237.64962081114,1090.92313792383,2478.09243065413,18.6551516449549,60.1565554014096,127176.362968519,176.519458707356,1655.30571772853,128831.668686248,60.939542804025
"1",12,20,2017,1,6989.66347045496,1260.03433459983,2501.46026399329,28.5915664511739,60.939542804025,128831.668686248,152.401356247353,5567.24461836297,134398.913304611,63.5729430012038
"1",15,20,2017,1,4226.01954357498,1347.05682734322,2581.26690887933,34.6981577339979,63.5729430012038,134398.913304611,150.030336666439,2807.08096763843,137205.994272249,64.9007394391927
"1",18,20,2017,1,-168.518547391093,1285.02160109242,2622.2231105246,30.2745646779784,64.9007394391927,137205.994272249,164.383643587281,-1700.37826508853,135505.61600716,64.0964319647567
"1",21,20,2017,1,0,1201.3865589633,2597.35632797761,24.8612274529415,64.0964319647567,135505.61600716,174.023488646,-1594.85448511325,133910.761522047,63.3420390103467
"1",0,21,2017,1,0,1145.04111584473,2574.19388879217,27.1858500766271,63.3420390103467,133910.761522047,227.060408483326,-1683.39903150739,132227.36249054,62.5457629985331
"1",3,21,2017,1,0,1069.14597418774,2549.91391533263,22.1324102953055,62.5457629985331,132227.36249054,239.253828259171,-1742.15417969937,130485.208310841,61.7216948149289
"1",6,21,2017,1,-73.8625043035045,1027.96196714345,2524.96777807832,19.6467845732152,61.7216948149289,130485.208310841,244.313447733035,-1834.82854754462,128650.379763296,60.8537900990206
"1",9,21,2017,1,3369.71135144608,1096.14287032957,2498.89299525092,23.8590597536392,60.8537900990206,128650.379763296,224.912964669463,1718.18920210162,130368.568965398,61.6665224457688
"1",12,21,2017,1,7260.05685763335,1253.38598814632,2523.3041674203,35.4937150685621,61.6665224457688,130368.568965398,197.054194972373,5757.59076831843,136126.159733716,64.3899595684262
"1",15,21,2017,1,4394.91105660896,1333.81363180657,2606.41073601192,42.5172872317792,64.3899595684262,136126.159733716,195.646844691599,2884.14982048024,139010.309554196,65.7542108680534
"1",18,21,2017,1,-147.725008607009,1276.51144597438,2648.80470735646,37.4375032329174,65.7542108680534,139010.309554196,213.125622733345,-1770.58139595536,137239.728158241,64.9166961337716
"1",21,21,2017,1,0,1199.0026726742,2622.71824301269,31.1603454817663,64.9166961337716,137239.728158241,223.981763665464,-1678.85767948572,135560.870478755,64.1225682577287
"1",0,22,2017,1,0,1146.60844110109,2598.16159263257,25.723880227945,64.1225682577287,135560.870478755,217.356138096863,-1694.63316985629,133866.237308899,63.320978309817
"1",3,22,2017,1,0,1075.79410960496,2573.54948439986,21.2510073371044,63.320978309817,133866.237308899,227.756272346052,-1746.76265447805,132119.474654421,62.4947302402507
"1",6,22,2017,1,-78.427898563192,1017.62210453332,2548.36370845708,17.952820779064,62.4947302402507,132119.474654421,236.105066063666,-1863.22738932968,130256.247265091,61.6133923952662
"1",9,22,2017,1,3401.08884923719,1092.0927252997,2521.70291584903,22.2354700351054,61.6133923952662,130256.247265091,216.361205244725,1732.88198340803,131989.129248499,62.4330746743134
"1",12,22,2017,1,7331.78325022814,1265.27291579141,2546.49175868596,34.3829186405511,62.4330746743134,131989.129248499,187.175193974219,5829.00629471881,137818.135543218,65.190292540264
"1",15,22,2017,1,4436.81174912815,1354.55395810531,2631.21878863074,41.8879370165471,65.190292540264,137818.135543218,184.610545529581,2933.64843605659,140751.783979275,66.5779575163067
"1",18,22,2017,1,-156.855797126384,1290.89791404076,2674.65168164788,36.4487830006001,66.5779575163067,140751.783979275,202.181147099103,-1779.23949483321,138972.544484442,65.7363473558575
"1",21,22,2017,1,0,1205.16394596943,2648.24628155093,29.8117966144172,65.7363473558575,138972.544484442,213.790271420662,-1686.68440361658,137285.860080825,64.9385173078637
"1",0,23,2017,1,0,1147.46385100347,2623.39546242978,21.4701061962053,64.9385173078637,137285.860080825,184.080740309652,-1681.48245793217,135604.377622893,64.1431478675365
"1",3,23,2017,1,0,1069.82515644876,2598.79578646719,17.4028562099725,64.1431478675365,135604.377622893,193.930416537523,-1740.30390276592,133864.073720127,63.3199548959941
"1",6,23,2017,1,-88.8306771261312,1011.94132020514,2573.51817359721,14.6974865627589,63.3199548959941,133864.073720127,200.892204820173,-1865.99722190114,131998.076498226,62.4373068736885
"1",9,23,2017,1,3391.49956192826,1083.48632247228,2546.6202212399,18.0817179121536,62.4373068736885,131998.076498226,184.883554905589,1725.40039034289,133723.476888569,63.2534502335751
"1",12,23,2017,1,7322.40889982401,1249.36531500339,2571.48411119692,27.5950906665643,63.2534502335751,133723.476888569,161.495038037532,5811.19997492639,139534.676863495,66.0022454112362
"1",15,23,2017,1,4426.97882689738,1334.6393968643,2656.56756955776,33.4271765626204,66.0022454112362,139534.676863495,159.765053923913,2911.85842371739,142446.535287212,67.3796033455148
"1",18,23,2017,1,-177.661354252262,1273.85611583414,2699.98635779888,29.2033612027353,67.3796033455148,142446.535287212,174.046718449283,-1807.04167586903,140639.493611343,66.5248422865435
"1",21,23,2017,1,0,1191.8643821508,2672.97938565952,24.0275179219823,66.5248422865435,140639.493611343,183.223998069475,-1688.36651950018,138951.127091843,65.7262165694884
"1",0,24,2017,1,0,1136.5953113026,2647.92962536789,21.1792970514141,65.7262165694884,138951.127091843,191.75017229057,-1724.26378340728,137226.863308436,64.9106108437699
"1",3,24,2017,1,0,1062.10799135643,2622.52940962138,17.2785977982282,64.9106108437699,137226.863308436,201.219653516076,-1778.91966957925,135447.943638857,64.0691519660367
"1",6,24,2017,1,-88.7708435703119,1058.14788895375,2596.51602517573,17.0844130779506,64.0691519660367,135447.943638857,198.559105865229,-1842.78249873548,133605.161140122,63.1974848976416
"1",9,24,2017,1,3419.50093358905,1124.05840271445,2569.77333132336,20.489484124202,63.1974848976416,133605.161140122,183.751388669876,1769.54513218606,135374.706272308,64.0345094617583
"1",12,24,2017,1,7382.02165344728,1275.31980638363,2595.44922980392,29.7354765838855,64.0345094617583,135374.706272308,163.057542105705,5869.0992113374,141243.805483645,66.8106919505639
"1",15,24,2017,1,4463.32961744945,1352.32563609279,2681.98841662456,35.2335504924539,66.8106919505639,141243.805483645,162.80564015216,2935.62764627306,144179.433129918,68.1992931262763
"1",18,24,2017,1,-177.541687140624,1297.48505105007,2726.07695267052,31.2624233361191,68.1992931262763,144179.433129918,176.35785613084,-1813.75386822803,142365.67926169,67.3413570875991
"1",21,24,2017,1,0,1223.11603309999,2698.77357655652,26.3147510370036,67.3413570875991,142365.67926169,184.264071756508,-1686.23636625004,140679.44289544,66.5437389688037
"1",0,25,2017,1,0,1172.71280553884,2673.57424463614,27.8402636309425,66.5437389688037,140679.44289544,226.493599281664,-1755.1953020099,138924.24759343,65.7135021153423
"1",3,25,2017,1,0,1104.40904736905,2647.5322521271,23.2798010070267,65.7135021153423,138924.24759343,236.095924223488,-1802.49892998856,137121.748663441,64.8608898514605
"1",6,25,2017,1,-79.2454902576262,1042.40237860479,2620.98689332566,19.5543564288696,64.8608898514605,137121.748663441,244.963118634687,-1922.34748004205,135199.401183399,63.9515872107444
"1",9,25,2017,1,3471.07533842719,1118.26461245649,2592.89702343367,24.1658009341682,63.9515872107444,135199.401183399,224.866127379628,1747.41099913621,136946.812182535,64.7781419582221
"1",12,25,2017,1,7481.80752412501,1294.5948592665,2618.42127758182,37.2043755840042,64.7781419582221,136946.812182535,195.40345469217,5925.37327553352,142872.185458069,67.5809430244225
"1",15,25,2017,1,4527.91039315562,1385.45777272592,2706.37754015457,45.2373756013502,67.5809430244225,142872.185458069,193.048352098473,2968.70489802715,145840.890356096,68.9851902956929
"1",18,25,2017,1,-158.490980515252,1320.67663082943,2751.26905209211,39.4170363002793,68.9851902956929,145840.890356096,210.897763467809,-1839.39820154602,144001.49215455,68.1151240567019
"1",21,25,2017,1,0,1233.40533311656,2723.38918957348,32.3039744114451,68.1151240567019,144001.49215455,222.490366772174,-1744.77819764055,142256.713956909,67.2898146685453
"1",0,26,2017,1,0,1174.65542651003,2697.13982305432,26.9334491173142,67.2898146685453,142256.713956909,221.115398410979,-1770.53324407258,140486.180712836,66.4523227109126
"1",3,26,2017,1,0,1095.58343161775,2670.69742375994,21.877968494396,66.4523227109126,140486.180712836,232.425361519173,-1829.41732215576,138656.76339068,65.5869775954855
"1",6,26,2017,1,-82.0240068792638,1066.09100141631,2643.58033424724,20.1508836112971,65.5869775954855,138656.76339068,234.334700702743,-1913.99892402423,136742.764466656,64.6816239619662
"1",9,26,2017,1,3485.13024688606,1142.56564933635,2615.43109723747,24.8063959724001,64.6816239619662,136742.764466656,215.161888993694,1772.29651401885,138515.060980675,65.5199499758947
"1",12,26,2017,1,7514.71594127586,1320.09570613105,2641.48856012682,37.8984201560234,65.5199499758947,138515.060980675,187.184053851692,5968.24061327238,144483.301593947,68.3430280127319
"1",15,26,2017,1,4546.86375818771,1411.46761149063,2730.67142439761,45.9260966594202,68.3430280127319,144483.301593947,185.16643314247,2996.56741547884,147479.869009426,69.7604547226616
"1",18,26,2017,1,-164.048013758528,1346.33072021297,2776.29099485935,40.1120759759444,69.7604547226616,147479.869009426,202.300105394561,-1836.42046977541,145643.448539651,68.8917970008044
"1",21,26,2017,1,0,1258.52304514121,2748.26620528653,32.9882543960001,68.8917970008044,145643.448539651,213.310420548928,-1736.04183509025,143907.406704561,68.0706200588471
"1",0,27,2017,1,0,1199.37267064436,2721.96885105655,31.3005932963427,68.0706200588471,143907.406704561,240.569933683048,-1794.46670739158,142112.939997169,67.2218071711417
"1",3,27,2017,1,0,1119.70785819308,2694.98530685211,25.5212371823989,67.2218071711417,142112.939997169,252.701555007104,-1853.50024084853,140259.43975632,66.3450704307401
"1",6,27,2017,1,-33.6761684952376,1056.10988265826,2667.32521215263,21.4028557954148,66.3450704307401,140259.43975632,262.102169891177,-1928.39652367619,138331.043232644,65.4329064908014
"1",9,27,2017,1,1541.33862699592,1133.03432244594,2638.77399104195,26.4394753283221,65.4329064908014,138331.043232644,240.896499797815,-231.737016726228,138099.306215918,65.3232909902489
"1",12,27,2017,1,3320.70417830864,1311.84670705874,2635.35846013035,40.6707406574573,65.3232909902489,138099.306215918,205.090290219003,1751.43139436057,139850.737610279,66.1517474521837
"1",15,27,2017,1,2010.24738115406,1403.99512329392,2661.25484456623,49.4332389146974,66.1517474521837,139850.737610279,192.636371289053,510.918049677999,140361.655659957,66.3934202697077
"1",18,27,2017,1,-67.3523369904753,1338.29705156497,2668.84502564594,43.0846890271263,66.3934202697077,140361.655659957,205.603146036496,-1646.58814613506,138715.067513822,65.6145564248531
"1",21,27,2017,1,0,1249.79387695848,2644.44136519468,35.3234883973737,65.6145564248531,138715.067513822,218.30621462706,-1648.27719126063,137066.790322561,64.8348936332895
"1",0,28,2017,1,0,1190.21701063207,2620.18067211646,26.0716899076244,64.8348936332895,137066.790322561,192.668324047283,-1648.70367543929,135418.086647122,64.0550291075471
"1",3,28,2017,1,0,1110.03518462626,2596.08108042723,21.1864597770805,64.0550291075471,135418.086647122,203.486932387085,-1710.71928796513,133707.367359157,63.2458301556303
"1",6,28,2017,1,-69.4962581324295,1067.91590180527,2571.25112614788,18.8586919977601,63.2458301556303,133707.367359157,207.804768909721,-1799.49494338252,131907.872415775,62.3946388278602
"1",9,28,2017,1,2803.06832373891,1137.71338932302,2545.32531425498,22.8049401437329,62.3946388278602,131907.872415775,191.391890199915,1181.2595684633,133089.131984238,62.9533944410501
"1",12,28,2017,1,6047.78707100757,1298.49550810224,2562.32181531923,33.6393480490831,62.9533944410501,133089.131984238,166.703655317915,4583.61776042359,137672.749744662,65.1215226160322
"1",15,28,2017,1,3657.90195089568,1380.64109929252,2629.08018959725,40.1448552617399,65.1215226160322,137672.749744662,163.225290100872,2206.09271522833,139878.84245989,66.1650415180246
"1",18,28,2017,1,-138.992516264859,1322.12096162776,2661.67194794628,35.4420208247361,66.1650415180246,139878.84245989,176.723025671242,-1690.70854907936,138188.133910811,65.3653079816479
"1",21,28,2017,1,0,1242.91636377109,2636.66728368456,29.6135853280618,65.3653079816479,138188.133910811,186.063495593204,-1609.42800083473,136578.705909976,64.6040215095639
"1",0,29,2017,1,0,1189.34236384743,2613.02878874917,27.3048404722077,64.6040215095639,136578.705909976,201.339277862795,-1652.33054323674,134926.375366739,63.822441414446
"1",3,29,2017,1,0,1116.88768097511,2588.9258837998,22.650410367249,63.822441414446,134926.375366739,211.224355444319,-1705.91296863625,133220.462398103,63.0155159322857
"1",6,29,2017,1,-82.7317924670196,1056.33909087622,2564.21670112464,19.1517469697507,63.0155159322857,133220.462398103,219.364022544047,-1829.12517222924,131391.337225874,62.1503090086804
"1",9,29,2017,1,3454.24899585066,1120.65670279341,2537.91980250161,22.8798572921197,62.1503090086804,131391.337225874,202.991014731353,1811.115024119,133202.452249993,63.0069968297791
"1",12,29,2017,1,7449.65463405481,1268.01007147331,2563.9567816086,32.9503681741435,63.0069968297791,133202.452249993,180.362843642084,5940.3947121033,139142.846962096,65.8169032877373
"1",15,29,2017,1,4506.93606202704,1342.90368484101,2650.76521483677,38.9111742389111,65.8169032877373,139142.846962096,180.514336708377,2979.64902108398,142122.49598318,67.2263273130017
"1",18,29,2017,1,-165.463584934039,1289.57536834683,2695.12846745828,34.6075972332842,67.2263273130017,142122.49598318,195.678377370472,-1801.30265864925,140321.193324531,66.3742809055529
"1",21,29,2017,1,0,1217.19262092817,2668.24332730611,29.2322418963261,66.3742809055529,140321.193324531,204.330103600948,-1684.61305187521,138636.580272656,65.5774306417178
"1",0,30,2017,1,0,1168.09092951198,2643.28232046126,27.6959796039205,65.5774306417178,138636.580272656,224.226623423619,-1727.11399397682,136909.466278679,64.7604767185353
"1",3,30,2017,1,0,1101.48962784914,2617.87380719542,23.2464253979991,64.7604767185353,136909.466278679,233.652007731284,-1773.28261247557,135136.183666203,63.921684263477
"1",6,30,2017,1,-75.6407780301266,1027.07800587307,2591.97712332351,18.815266647234,63.921684263477,135136.183666203,245.36339459401,-1904.71855672181,133231.465109481,63.0207203995401
"1",9,30,2017,1,3331.17593293404,1097.98270723971,2564.37550018215,23.0249122182397,63.0207203995401,133231.465109481,226.004181236203,1615.75404653716,134847.219156018,63.7849991974769
"1",12,30,2017,1,7179.8213822432,1262.04604247749,2587.77541619201,34.7727805425524,63.7849991974769,134847.219156018,197.807891713901,5621.51133627222,140468.73049229,66.4440684635466
"1",15,30,2017,1,4345.31245716533,1346.22522053411,2670.43778132522,41.9289554342547,66.4440684635466,140468.73049229,195.574848623899,2783.59609231607,143252.326584606,67.7607561611181
"1",18,30,2017,1,-151.281556060253,1286.23294093458,2712.09498498231,36.7491201063495,67.7607561611181,143252.326584606,212.533457806339,-1826.42617802067,141425.900406585,66.8968259070985
"1",21,30,2017,1,0,1205.2236824192,2684.70753196577,30.3796773973942,66.8968259070985,141425.900406585,223.402376911077,-1733.26590385505,139692.63450273,66.0769620272322
